health,place,side,Y,X,Z,tick,steamid,name,round_num
100,TSpawn,t,32.0,1296.0,-167.96875,1017,76561198356252021,slaxejezzz,1
100,CTSpawn,ct,-1800.0,-1776.0,-263.96875,1017,76561198319723208,HUASOPEEK,1
100,TSpawn,t,32.0,1136.0,-164.78845,1017,76561198210626739,zweih,1
100,CTSpawn,ct,-1976.0,-1776.0,-263.96875,1017,76561198242950384,max,1
100,TSpawn,t,-64.0,1136.0,-164.49915,1017,76561198028292758,HObbit,1
100,TSpawn,t,-160.0,1136.0,-164.43054,1017,76561198141272052,xiELO,1
100,CTSpawn,ct,-1896.0,-1720.0,-267.6023,1017,76561198216891576,dgt,1
100,CTSpawn,ct,-1976.0,-1656.0,-267.4583,1017,76561198067722198,luchov,1
100,CTSpawn,ct,-1800.0,-1656.0,-267.20642,1017,76561198195642865,meyern,1
100,TSpawn,t,-307.0,1216.0,-164.81482,1017,76561198036125584,Jame,1
100,TSpawn,t,32.0,1296.0,-167.96875,1018,76561198356252021,slaxejezzz,1
100,CTSpawn,ct,-1800.0,-1776.0,-263.96875,1018,76561198319723208,HUASOPEEK,1
100,TSpawn,t,32.0,1136.0,-164.78845,1018,76561198210626739,zweih,1
100,CTSpawn,ct,-1976.0,-1776.0,-263.96875,1018,76561198242950384,max,1
100,TSpawn,t,-64.0,1136.0,-164.49915,1018,76561198028292758,HObbit,1
100,TSpawn,t,-160.0,1136.0,-164.43054,1018,76561198141272052,xiELO,1
100,CTSpawn,ct,-1896.0,-1720.0,-267.6023,1018,76561198216891576,dgt,1
100,CTSpawn,ct,-1976.0,-1656.0,-267.4583,1018,76561198067722198,luchov,1
100,CTSpawn,ct,-1800.0,-1656.0,-267.20642,1018,76561198195642865,meyern,1
100,TSpawn,t,-307.0,1216.0,-164.81482,1018,76561198036125584,Jame,1
100,TSpawn,t,32.0,1296.0,-167.96875,1019,76561198356252021,slaxejezzz,1
100,CTSpawn,ct,-1800.0,-1776.0,-263.96875,1019,76561198319723208,HUASOPEEK,1
100,TSpawn,t,32.0,1136.0,-164.78845,1019,76561198210626739,zweih,1
100,CTSpawn,ct,-1976.0,-1776.0,-263.96875,1019,76561198242950384,max,1
100,TSpawn,t,-64.0,1136.0,-164.49915,1019,76561198028292758,HObbit,1
100,TSpawn,t,-160.0,1136.0,-164.43054,1019,76561198141272052,xiELO,1
100,CTSpawn,ct,-1896.0,-1720.0,-267.6023,1019,76561198216891576,dgt,1
100,CTSpawn,ct,-1976.0,-1656.0,-267.4583,1019,76561198067722198,luchov,1
100,CTSpawn,ct,-1800.0,-1656.0,-267.20642,1019,76561198195642865,meyern,1
100,TSpawn,t,-307.0,1216.0,-164.81482,1019,76561198036125584,Jame,1
100,TSpawn,t,32.0,1296.0,-167.96875,1020,76561198356252021,slaxejezzz,1
100,CTSpawn,ct,-1800.0,-1776.0,-263.96875,1020,76561198319723208,HUASOPEEK,1
100,TSpawn,t,32.0,1136.0,-164.78845,1020,76561198210626739,zweih,1
100,CTSpawn,ct,-1976.0,-1776.0,-263.96875,1020,76561198242950384,max,1
100,TSpawn,t,-64.0,1136.0,-164.49915,1020,76561198028292758,HObbit,1
100,TSpawn,t,-160.0,1136.0,-164.43054,1020,76561198141272052,xiELO,1
100,CTSpawn,ct,-1896.0,-1720.0,-267.6023,1020,76561198216891576,dgt,1
100,CTSpawn,ct,-1976.0,-1656.0,-267.4583,1020,76561198067722198,luchov,1
100,CTSpawn,ct,-1800.0,-1656.0,-267.20642,1020,76561198195642865,meyern,1
100,TSpawn,t,-307.0,1216.0,-164.81482,1020,76561198036125584,Jame,1
100,TSpawn,t,32.0,1296.0,-167.96875,1021,76561198356252021,slaxejezzz,1
100,CTSpawn,ct,-1800.0,-1776.0,-263.96875,1021,76561198319723208,HUASOPEEK,1
100,TSpawn,t,32.0,1136.0,-164.78845,1021,76561198210626739,zweih,1
100,CTSpawn,ct,-1976.0,-1776.0,-263.96875,1021,76561198242950384,max,1
100,TSpawn,t,-64.0,1136.0,-164.49915,1021,76561198028292758,HObbit,1
100,TSpawn,t,-160.0,1136.0,-164.43054,1021,76561198141272052,xiELO,1
100,CTSpawn,ct,-1896.0,-1720.0,-267.6023,1021,76561198216891576,dgt,1
100,CTSpawn,ct,-1976.0,-1656.0,-267.4583,1021,76561198067722198,luchov,1
100,CTSpawn,ct,-1800.0,-1656.0,-267.20642,1021,76561198195642865,meyern,1
100,TSpawn,t,-307.0,1216.0,-164.81482,1021,76561198036125584,Jame,1
100,TSpawn,t,32.0,1296.0,-167.96875,1022,76561198356252021,slaxejezzz,1
100,CTSpawn,ct,-1800.0,-1776.0,-263.96875,1022,76561198319723208,HUASOPEEK,1
100,TSpawn,t,32.0,1136.0,-164.78845,1022,76561198210626739,zweih,1
100,CTSpawn,ct,-1976.0,-1776.0,-263.96875,1022,76561198242950384,max,1
100,TSpawn,t,-64.0,1136.0,-164.49915,1022,76561198028292758,HObbit,1
100,TSpawn,t,-160.0,1136.0,-164.43054,1022,76561198141272052,xiELO,1
100,CTSpawn,ct,-1896.0,-1720.0,-267.6023,1022,76561198216891576,dgt,1
100,CTSpawn,ct,-1976.0,-1656.0,-267.4583,1022,76561198067722198,luchov,1
100,CTSpawn,ct,-1800.0,-1656.0,-267.20642,1022,76561198195642865,meyern,1
100,TSpawn,t,-307.0,1216.0,-164.81482,1022,76561198036125584,Jame,1
100,TSpawn,t,32.0,1296.0,-167.96875,1023,76561198356252021,slaxejezzz,1
100,CTSpawn,ct,-1800.0,-1776.0,-263.96875,1023,76561198319723208,HUASOPEEK,1
100,TSpawn,t,32.0,1136.0,-164.78845,1023,76561198210626739,zweih,1
100,CTSpawn,ct,-1976.0,-1776.0,-263.96875,1023,76561198242950384,max,1
100,TSpawn,t,-64.0,1136.0,-164.49915,1023,76561198028292758,HObbit,1
100,TSpawn,t,-160.0,1136.0,-164.43054,1023,76561198141272052,xiELO,1
100,CTSpawn,ct,-1896.0,-1720.0,-267.6023,1023,76561198216891576,dgt,1
100,CTSpawn,ct,-1976.0,-1656.0,-267.4583,1023,76561198067722198,luchov,1
100,CTSpawn,ct,-1800.0,-1656.0,-267.20642,1023,76561198195642865,meyern,1
100,TSpawn,t,-307.0,1216.0,-164.81482,1023,76561198036125584,Jame,1
100,TSpawn,t,32.0,1296.0,-167.96875,1024,76561198356252021,slaxejezzz,1
100,CTSpawn,ct,-1800.0,-1776.0,-263.96875,1024,76561198319723208,HUASOPEEK,1
100,TSpawn,t,32.0,1136.0,-164.78845,1024,76561198210626739,zweih,1
100,CTSpawn,ct,-1976.0,-1776.0,-263.96875,1024,76561198242950384,max,1
100,TSpawn,t,-64.0,1136.0,-164.49915,1024,76561198028292758,HObbit,1
100,TSpawn,t,-160.0,1136.0,-164.43054,1024,76561198141272052,xiELO,1
100,CTSpawn,ct,-1896.0,-1720.0,-267.6023,1024,76561198216891576,dgt,1
100,CTSpawn,ct,-1976.0,-1656.0,-267.4583,1024,76561198067722198,luchov,1
100,CTSpawn,ct,-1800.0,-1656.0,-267.20642,1024,76561198195642865,meyern,1
100,TSpawn,t,-307.0,1216.0,-164.81482,1024,76561198036125584,Jame,1
100,TSpawn,t,32.0,1296.0,-167.96875,1025,76561198356252021,slaxejezzz,1
100,CTSpawn,ct,-1800.0,-1776.0,-263.96875,1025,76561198319723208,HUASOPEEK,1
100,TSpawn,t,32.0,1136.0,-164.78845,1025,76561198210626739,zweih,1
100,CTSpawn,ct,-1976.0,-1776.0,-263.96875,1025,76561198242950384,max,1
100,TSpawn,t,-64.0,1136.0,-164.49915,1025,76561198028292758,HObbit,1
100,TSpawn,t,-160.0,1136.0,-164.43054,1025,76561198141272052,xiELO,1
100,CTSpawn,ct,-1896.0,-1720.0,-267.6023,1025,76561198216891576,dgt,1
100,CTSpawn,ct,-1976.0,-1656.0,-267.4583,1025,76561198067722198,luchov,1
100,CTSpawn,ct,-1800.0,-1656.0,-267.20642,1025,76561198195642865,meyern,1
100,TSpawn,t,-307.0,1216.0,-164.81482,1025,76561198036125584,Jame,1
100,TSpawn,t,32.0,1296.0,-167.96875,1026,76561198356252021,slaxejezzz,1
100,CTSpawn,ct,-1800.0,-1776.0,-263.96875,1026,76561198319723208,HUASOPEEK,1
100,TSpawn,t,32.0,1136.0,-164.78845,1026,76561198210626739,zweih,1
100,CTSpawn,ct,-1976.0,-1776.0,-263.96875,1026,76561198242950384,max,1
100,TSpawn,t,-64.0,1136.0,-164.49915,1026,76561198028292758,HObbit,1
100,TSpawn,t,-160.0,1136.0,-164.43054,1026,76561198141272052,xiELO,1
100,CTSpawn,ct,-1896.0,-1720.0,-267.6023,1026,76561198216891576,dgt,1
100,CTSpawn,ct,-1976.0,-1656.0,-267.4583,1026,76561198067722198,luchov,1
100,CTSpawn,ct,-1800.0,-1656.0,-267.20642,1026,76561198195642865,meyern,1
100,TSpawn,t,-307.0,1216.0,-164.81482,1026,76561198036125584,Jame,1
100,TSpawn,t,32.0,1296.0,-167.96875,1027,76561198356252021,slaxejezzz,1
100,CTSpawn,ct,-1800.0,-1776.0,-263.96875,1027,76561198319723208,HUASOPEEK,1
100,TSpawn,t,32.0,1136.0,-164.78845,1027,76561198210626739,zweih,1
100,CTSpawn,ct,-1976.0,-1776.0,-263.96875,1027,76561198242950384,max,1
100,TSpawn,t,-64.0,1136.0,-164.49915,1027,76561198028292758,HObbit,1
100,TSpawn,t,-160.0,1136.0,-164.43054,1027,76561198141272052,xiELO,1
100,CTSpawn,ct,-1896.0,-1720.0,-267.6023,1027,76561198216891576,dgt,1
100,CTSpawn,ct,-1976.0,-1656.0,-267.4583,1027,76561198067722198,luchov,1
100,CTSpawn,ct,-1800.0,-1656.0,-267.20642,1027,76561198195642865,meyern,1
100,TSpawn,t,-307.0,1216.0,-164.81482,1027,76561198036125584,Jame,1
100,TSpawn,t,32.0,1296.0,-167.96875,1028,76561198356252021,slaxejezzz,1
100,CTSpawn,ct,-1800.0,-1776.0,-263.96875,1028,76561198319723208,HUASOPEEK,1
100,TSpawn,t,32.0,1136.0,-164.78845,1028,76561198210626739,zweih,1
100,CTSpawn,ct,-1976.0,-1776.0,-263.96875,1028,76561198242950384,max,1
100,TSpawn,t,-64.0,1136.0,-164.49915,1028,76561198028292758,HObbit,1
100,TSpawn,t,-160.0,1136.0,-164.43054,1028,76561198141272052,xiELO,1
100,CTSpawn,ct,-1896.0,-1720.0,-267.6023,1028,76561198216891576,dgt,1
100,CTSpawn,ct,-1976.0,-1656.0,-267.4583,1028,76561198067722198,luchov,1
100,CTSpawn,ct,-1800.0,-1656.0,-267.20642,1028,76561198195642865,meyern,1
100,TSpawn,t,-307.0,1216.0,-164.81482,1028,76561198036125584,Jame,1
100,TSpawn,t,32.0,1296.0,-167.96875,1029,76561198356252021,slaxejezzz,1
100,CTSpawn,ct,-1800.0,-1776.0,-263.96875,1029,76561198319723208,HUASOPEEK,1
100,TSpawn,t,32.0,1136.0,-164.78845,1029,76561198210626739,zweih,1
100,CTSpawn,ct,-1976.0,-1776.0,-263.96875,1029,76561198242950384,max,1
100,TSpawn,t,-64.0,1136.0,-164.49915,1029,76561198028292758,HObbit,1
100,TSpawn,t,-160.0,1136.0,-164.43054,1029,76561198141272052,xiELO,1
100,CTSpawn,ct,-1896.0,-1720.0,-267.6023,1029,76561198216891576,dgt,1
100,CTSpawn,ct,-1976.0,-1656.0,-267.4583,1029,76561198067722198,luchov,1
100,CTSpawn,ct,-1800.0,-1656.0,-267.20642,1029,76561198195642865,meyern,1
100,TSpawn,t,-307.0,1216.0,-164.81482,1029,76561198036125584,Jame,1
100,TSpawn,t,32.0,1296.0,-167.96875,1030,76561198356252021,slaxejezzz,1
100,CTSpawn,ct,-1800.0,-1776.0,-263.96875,1030,76561198319723208,HUASOPEEK,1
100,TSpawn,t,32.0,1136.0,-164.78845,1030,76561198210626739,zweih,1
100,CTSpawn,ct,-1976.0,-1776.0,-263.96875,1030,76561198242950384,max,1
100,TSpawn,t,-64.0,1136.0,-164.49915,1030,76561198028292758,HObbit,1
100,TSpawn,t,-160.0,1136.0,-164.43054,1030,76561198141272052,xiELO,1
100,CTSpawn,ct,-1896.0,-1720.0,-267.6023,1030,76561198216891576,dgt,1
100,CTSpawn,ct,-1976.0,-1656.0,-267.4583,1030,76561198067722198,luchov,1
100,CTSpawn,ct,-1800.0,-1656.0,-267.20642,1030,76561198195642865,meyern,1
100,TSpawn,t,-307.0,1216.0,-164.81482,1030,76561198036125584,Jame,1
100,TSpawn,t,32.0,1296.0,-167.96875,1031,76561198356252021,slaxejezzz,1
100,CTSpawn,ct,-1800.0,-1776.0,-263.96875,1031,76561198319723208,HUASOPEEK,1
100,TSpawn,t,32.0,1136.0,-164.78845,1031,76561198210626739,zweih,1
100,CTSpawn,ct,-1976.0,-1776.0,-263.96875,1031,76561198242950384,max,1
100,TSpawn,t,-64.0,1136.0,-164.49915,1031,76561198028292758,HObbit,1
100,TSpawn,t,-160.0,1136.0,-164.43054,1031,76561198141272052,xiELO,1
100,CTSpawn,ct,-1896.0,-1720.0,-267.6023,1031,76561198216891576,dgt,1
100,CTSpawn,ct,-1976.0,-1656.0,-267.4583,1031,76561198067722198,luchov,1
100,CTSpawn,ct,-1800.0,-1656.0,-267.20642,1031,76561198195642865,meyern,1
100,TSpawn,t,-307.0,1216.0,-164.81482,1031,76561198036125584,Jame,1
100,TSpawn,t,32.0,1296.0,-167.96875,1032,76561198356252021,slaxejezzz,1
100,CTSpawn,ct,-1800.0,-1776.0,-263.96875,1032,76561198319723208,HUASOPEEK,1
100,TSpawn,t,32.0,1136.0,-164.78845,1032,76561198210626739,zweih,1
100,CTSpawn,ct,-1976.0,-1776.0,-263.96875,1032,76561198242950384,max,1
100,TSpawn,t,-64.0,1136.0,-164.49915,1032,76561198028292758,HObbit,1
100,TSpawn,t,-160.0,1136.0,-164.43054,1032,76561198141272052,xiELO,1
100,CTSpawn,ct,-1896.0,-1720.0,-267.6023,1032,76561198216891576,dgt,1
100,CTSpawn,ct,-1976.0,-1656.0,-267.4583,1032,76561198067722198,luchov,1
100,CTSpawn,ct,-1800.0,-1656.0,-267.20642,1032,76561198195642865,meyern,1
100,TSpawn,t,-307.0,1216.0,-164.81482,1032,76561198036125584,Jame,1
100,TSpawn,t,32.0,1296.0,-167.96875,1033,76561198356252021,slaxejezzz,1
100,CTSpawn,ct,-1800.0,-1776.0,-263.96875,1033,76561198319723208,HUASOPEEK,1
100,TSpawn,t,32.0,1136.0,-164.78845,1033,76561198210626739,zweih,1
100,CTSpawn,ct,-1976.0,-1776.0,-263.96875,1033,76561198242950384,max,1
100,TSpawn,t,-64.0,1136.0,-164.49915,1033,76561198028292758,HObbit,1
100,TSpawn,t,-160.0,1136.0,-164.43054,1033,76561198141272052,xiELO,1
100,CTSpawn,ct,-1896.0,-1720.0,-267.6023,1033,76561198216891576,dgt,1
100,CTSpawn,ct,-1976.0,-1656.0,-267.4583,1033,76561198067722198,luchov,1
100,CTSpawn,ct,-1800.0,-1656.0,-267.20642,1033,76561198195642865,meyern,1
100,TSpawn,t,-307.0,1216.0,-164.81482,1033,76561198036125584,Jame,1
100,TSpawn,t,32.0,1296.0,-167.96875,1034,76561198356252021,slaxejezzz,1
100,CTSpawn,ct,-1800.0,-1776.0,-263.96875,1034,76561198319723208,HUASOPEEK,1
100,TSpawn,t,32.0,1136.0,-164.78845,1034,76561198210626739,zweih,1
100,CTSpawn,ct,-1976.0,-1776.0,-263.96875,1034,76561198242950384,max,1
100,TSpawn,t,-64.0,1136.0,-164.49915,1034,76561198028292758,HObbit,1
100,TSpawn,t,-160.0,1136.0,-164.43054,1034,76561198141272052,xiELO,1
100,CTSpawn,ct,-1896.0,-1720.0,-267.6023,1034,76561198216891576,dgt,1
100,CTSpawn,ct,-1976.0,-1656.0,-267.4583,1034,76561198067722198,luchov,1
100,CTSpawn,ct,-1800.0,-1656.0,-267.20642,1034,76561198195642865,meyern,1
100,TSpawn,t,-307.0,1216.0,-164.81482,1034,76561198036125584,Jame,1
100,TSpawn,t,32.0,1296.0,-167.96875,1035,76561198356252021,slaxejezzz,1
100,CTSpawn,ct,-1800.0,-1776.0,-263.96875,1035,76561198319723208,HUASOPEEK,1
100,TSpawn,t,32.0,1136.0,-164.78845,1035,76561198210626739,zweih,1
100,CTSpawn,ct,-1976.0,-1776.0,-263.96875,1035,76561198242950384,max,1
100,TSpawn,t,-64.0,1136.0,-164.49915,1035,76561198028292758,HObbit,1
100,TSpawn,t,-160.0,1136.0,-164.43054,1035,76561198141272052,xiELO,1
100,CTSpawn,ct,-1896.0,-1720.0,-267.6023,1035,76561198216891576,dgt,1
100,CTSpawn,ct,-1976.0,-1656.0,-267.4583,1035,76561198067722198,luchov,1
100,CTSpawn,ct,-1800.0,-1656.0,-267.20642,1035,76561198195642865,meyern,1
100,TSpawn,t,-307.0,1216.0,-164.81482,1035,76561198036125584,Jame,1
100,TSpawn,t,32.0,1296.0,-167.96875,1036,76561198356252021,slaxejezzz,1
100,CTSpawn,ct,-1800.0,-1776.0,-263.96875,1036,76561198319723208,HUASOPEEK,1
100,TSpawn,t,32.0,1136.0,-164.78845,1036,76561198210626739,zweih,1
100,CTSpawn,ct,-1976.0,-1776.0,-263.96875,1036,76561198242950384,max,1
100,TSpawn,t,-64.0,1136.0,-164.49915,1036,76561198028292758,HObbit,1
100,TSpawn,t,-160.0,1136.0,-164.43054,1036,76561198141272052,xiELO,1
100,CTSpawn,ct,-1896.0,-1720.0,-267.6023,1036,76561198216891576,dgt,1
100,CTSpawn,ct,-1976.0,-1656.0,-267.4583,1036,76561198067722198,luchov,1
100,CTSpawn,ct,-1800.0,-1656.0,-267.20642,1036,76561198195642865,meyern,1
100,TSpawn,t,-307.0,1216.0,-164.81482,1036,76561198036125584,Jame,1
100,TSpawn,t,32.0,1296.0,-167.96875,1037,76561198356252021,slaxejezzz,1
100,CTSpawn,ct,-1800.0,-1776.0,-263.96875,1037,76561198319723208,HUASOPEEK,1
100,TSpawn,t,32.0,1136.0,-164.78845,1037,76561198210626739,zweih,1
100,CTSpawn,ct,-1976.0,-1776.0,-263.96875,1037,76561198242950384,max,1
100,TSpawn,t,-64.0,1136.0,-164.49915,1037,76561198028292758,HObbit,1
100,TSpawn,t,-160.0,1136.0,-164.43054,1037,76561198141272052,xiELO,1
100,CTSpawn,ct,-1896.0,-1720.0,-267.6023,1037,76561198216891576,dgt,1
100,CTSpawn,ct,-1976.0,-1656.0,-267.4583,1037,76561198067722198,luchov,1
100,CTSpawn,ct,-1800.0,-1656.0,-267.20642,1037,76561198195642865,meyern,1
100,TSpawn,t,-307.0,1216.0,-164.81482,1037,76561198036125584,Jame,1
100,TSpawn,t,32.0,1296.0,-167.96875,1038,76561198356252021,slaxejezzz,1
100,CTSpawn,ct,-1800.0,-1776.0,-263.96875,1038,76561198319723208,HUASOPEEK,1
100,TSpawn,t,32.0,1136.0,-164.78845,1038,76561198210626739,zweih,1
100,CTSpawn,ct,-1976.0,-1776.0,-263.96875,1038,76561198242950384,max,1
100,TSpawn,t,-64.0,1136.0,-164.49915,1038,76561198028292758,HObbit,1
100,TSpawn,t,-160.0,1136.0,-164.43054,1038,76561198141272052,xiELO,1
100,CTSpawn,ct,-1896.0,-1720.0,-267.6023,1038,76561198216891576,dgt,1
100,CTSpawn,ct,-1976.0,-1656.0,-267.4583,1038,76561198067722198,luchov,1
100,CTSpawn,ct,-1800.0,-1656.0,-267.20642,1038,76561198195642865,meyern,1
100,TSpawn,t,-307.0,1216.0,-164.81482,1038,76561198036125584,Jame,1
100,TSpawn,t,32.0,1296.0,-167.96875,1039,76561198356252021,slaxejezzz,1
100,CTSpawn,ct,-1800.0,-1776.0,-263.96875,1039,76561198319723208,HUASOPEEK,1
100,TSpawn,t,32.0,1136.0,-164.78845,1039,76561198210626739,zweih,1
100,CTSpawn,ct,-1976.0,-1776.0,-263.96875,1039,76561198242950384,max,1
100,TSpawn,t,-64.0,1136.0,-164.49915,1039,76561198028292758,HObbit,1
100,TSpawn,t,-160.0,1136.0,-164.43054,1039,76561198141272052,xiELO,1
100,CTSpawn,ct,-1896.0,-1720.0,-267.6023,1039,76561198216891576,dgt,1
100,CTSpawn,ct,-1976.0,-1656.0,-267.4583,1039,76561198067722198,luchov,1
100,CTSpawn,ct,-1800.0,-1656.0,-267.20642,1039,76561198195642865,meyern,1
100,TSpawn,t,-307.0,1216.0,-164.81482,1039,76561198036125584,Jame,1
100,TSpawn,t,32.0,1296.0,-167.96875,1040,76561198356252021,slaxejezzz,1
100,CTSpawn,ct,-1800.0,-1776.0,-263.96875,1040,76561198319723208,HUASOPEEK,1
100,TSpawn,t,32.0,1136.0,-164.78845,1040,76561198210626739,zweih,1
100,CTSpawn,ct,-1976.0,-1776.0,-263.96875,1040,76561198242950384,max,1
100,TSpawn,t,-64.0,1136.0,-164.49915,1040,76561198028292758,HObbit,1
100,TSpawn,t,-160.0,1136.0,-164.43054,1040,76561198141272052,xiELO,1
100,CTSpawn,ct,-1896.0,-1720.0,-267.6023,1040,76561198216891576,dgt,1
100,CTSpawn,ct,-1976.0,-1656.0,-267.4583,1040,76561198067722198,luchov,1
100,CTSpawn,ct,-1800.0,-1656.0,-267.20642,1040,76561198195642865,meyern,1
100,TSpawn,t,-307.0,1216.0,-164.81482,1040,76561198036125584,Jame,1
100,TSpawn,t,32.0,1296.0,-167.96875,1041,76561198356252021,slaxejezzz,1
100,CTSpawn,ct,-1800.0,-1776.0,-263.96875,1041,76561198319723208,HUASOPEEK,1
100,TSpawn,t,32.0,1136.0,-164.78845,1041,76561198210626739,zweih,1
100,CTSpawn,ct,-1976.0,-1776.0,-263.96875,1041,76561198242950384,max,1
100,TSpawn,t,-64.0,1136.0,-164.49915,1041,76561198028292758,HObbit,1
100,TSpawn,t,-160.0,1136.0,-164.43054,1041,76561198141272052,xiELO,1
100,CTSpawn,ct,-1896.0,-1720.0,-267.6023,1041,76561198216891576,dgt,1
100,CTSpawn,ct,-1976.0,-1656.0,-267.4583,1041,76561198067722198,luchov,1
100,CTSpawn,ct,-1800.0,-1656.0,-267.20642,1041,76561198195642865,meyern,1
100,TSpawn,t,-307.0,1216.0,-164.81482,1041,76561198036125584,Jame,1
100,TSpawn,t,32.0,1296.0,-167.96875,1042,76561198356252021,slaxejezzz,1
100,CTSpawn,ct,-1800.0,-1776.0,-263.96875,1042,76561198319723208,HUASOPEEK,1
100,TSpawn,t,32.0,1136.0,-164.78845,1042,76561198210626739,zweih,1
100,CTSpawn,ct,-1976.0,-1776.0,-263.96875,1042,76561198242950384,max,1
100,TSpawn,t,-64.0,1136.0,-164.49915,1042,76561198028292758,HObbit,1
100,TSpawn,t,-160.0,1136.0,-164.43054,1042,76561198141272052,xiELO,1
100,CTSpawn,ct,-1896.0,-1720.0,-267.6023,1042,76561198216891576,dgt,1
100,CTSpawn,ct,-1976.0,-1656.0,-267.4583,1042,76561198067722198,luchov,1
100,CTSpawn,ct,-1800.0,-1656.0,-267.20642,1042,76561198195642865,meyern,1
100,TSpawn,t,-307.0,1216.0,-164.81482,1042,76561198036125584,Jame,1
100,TSpawn,t,32.0,1296.0,-167.96875,1043,76561198356252021,slaxejezzz,1
100,CTSpawn,ct,-1800.0,-1776.0,-263.96875,1043,76561198319723208,HUASOPEEK,1
100,TSpawn,t,32.0,1136.0,-164.78845,1043,76561198210626739,zweih,1
100,CTSpawn,ct,-1976.0,-1776.0,-263.96875,1043,76561198242950384,max,1
100,TSpawn,t,-64.0,1136.0,-164.49915,1043,76561198028292758,HObbit,1
100,TSpawn,t,-160.0,1136.0,-164.43054,1043,76561198141272052,xiELO,1
100,CTSpawn,ct,-1896.0,-1720.0,-267.6023,1043,76561198216891576,dgt,1
100,CTSpawn,ct,-1976.0,-1656.0,-267.4583,1043,76561198067722198,luchov,1
100,CTSpawn,ct,-1800.0,-1656.0,-267.20642,1043,76561198195642865,meyern,1
100,TSpawn,t,-307.0,1216.0,-164.81482,1043,76561198036125584,Jame,1
100,TSpawn,t,32.0,1296.0,-167.96875,1044,76561198356252021,slaxejezzz,1
100,CTSpawn,ct,-1800.0,-1776.0,-263.96875,1044,76561198319723208,HUASOPEEK,1
100,TSpawn,t,32.0,1136.0,-164.78845,1044,76561198210626739,zweih,1
100,CTSpawn,ct,-1976.0,-1776.0,-263.96875,1044,76561198242950384,max,1
100,TSpawn,t,-64.0,1136.0,-164.49915,1044,76561198028292758,HObbit,1
100,TSpawn,t,-160.0,1136.0,-164.43054,1044,76561198141272052,xiELO,1
100,CTSpawn,ct,-1896.0,-1720.0,-267.6023,1044,76561198216891576,dgt,1
100,CTSpawn,ct,-1976.0,-1656.0,-267.4583,1044,76561198067722198,luchov,1
100,CTSpawn,ct,-1800.0,-1656.0,-267.20642,1044,76561198195642865,meyern,1
100,TSpawn,t,-307.0,1216.0,-164.81482,1044,76561198036125584,Jame,1
100,TSpawn,t,32.0,1296.0,-167.96875,1045,76561198356252021,slaxejezzz,1
100,CTSpawn,ct,-1800.0,-1776.0,-263.96875,1045,76561198319723208,HUASOPEEK,1
100,TSpawn,t,32.0,1136.0,-164.78845,1045,76561198210626739,zweih,1
100,CTSpawn,ct,-1976.0,-1776.0,-263.96875,1045,76561198242950384,max,1
100,TSpawn,t,-64.0,1136.0,-164.49915,1045,76561198028292758,HObbit,1
100,TSpawn,t,-160.0,1136.0,-164.43054,1045,76561198141272052,xiELO,1
100,CTSpawn,ct,-1896.0,-1720.0,-267.6023,1045,76561198216891576,dgt,1
100,CTSpawn,ct,-1976.0,-1656.0,-267.4583,1045,76561198067722198,luchov,1
100,CTSpawn,ct,-1800.0,-1656.0,-267.20642,1045,76561198195642865,meyern,1
100,TSpawn,t,-307.0,1216.0,-164.81482,1045,76561198036125584,Jame,1
100,TSpawn,t,32.0,1296.0,-167.96875,1046,76561198356252021,slaxejezzz,1
100,CTSpawn,ct,-1800.0,-1776.0,-263.96875,1046,76561198319723208,HUASOPEEK,1
100,TSpawn,t,32.0,1136.0,-164.78845,1046,76561198210626739,zweih,1
100,CTSpawn,ct,-1976.0,-1776.0,-263.96875,1046,76561198242950384,max,1
100,TSpawn,t,-64.0,1136.0,-164.49915,1046,76561198028292758,HObbit,1
100,TSpawn,t,-160.0,1136.0,-164.43054,1046,76561198141272052,xiELO,1
100,CTSpawn,ct,-1896.0,-1720.0,-267.6023,1046,76561198216891576,dgt,1
100,CTSpawn,ct,-1976.0,-1656.0,-267.4583,1046,76561198067722198,luchov,1
100,CTSpawn,ct,-1800.0,-1656.0,-267.20642,1046,76561198195642865,meyern,1
100,TSpawn,t,-307.0,1216.0,-164.81482,1046,76561198036125584,Jame,1
100,TSpawn,t,32.0,1296.0,-167.96875,1047,76561198356252021,slaxejezzz,1
100,CTSpawn,ct,-1800.0,-1776.0,-263.96875,1047,76561198319723208,HUASOPEEK,1
100,TSpawn,t,32.0,1136.0,-164.78845,1047,76561198210626739,zweih,1
100,CTSpawn,ct,-1976.0,-1776.0,-263.96875,1047,76561198242950384,max,1
100,TSpawn,t,-64.0,1136.0,-164.49915,1047,76561198028292758,HObbit,1
100,TSpawn,t,-160.0,1136.0,-164.43054,1047,76561198141272052,xiELO,1
100,CTSpawn,ct,-1896.0,-1720.0,-267.6023,1047,76561198216891576,dgt,1
100,CTSpawn,ct,-1976.0,-1656.0,-267.4583,1047,76561198067722198,luchov,1
100,CTSpawn,ct,-1800.0,-1656.0,-267.20642,1047,76561198195642865,meyern,1
100,TSpawn,t,-307.0,1216.0,-164.81482,1047,76561198036125584,Jame,1
100,TSpawn,t,32.0,1296.0,-167.96875,1048,76561198356252021,slaxejezzz,1
100,CTSpawn,ct,-1800.0,-1776.0,-263.96875,1048,76561198319723208,HUASOPEEK,1
100,TSpawn,t,32.0,1136.0,-164.78845,1048,76561198210626739,zweih,1
100,CTSpawn,ct,-1976.0,-1776.0,-263.96875,1048,76561198242950384,max,1
100,TSpawn,t,-64.0,1136.0,-164.49915,1048,76561198028292758,HObbit,1
100,TSpawn,t,-160.0,1136.0,-164.43054,1048,76561198141272052,xiELO,1
100,CTSpawn,ct,-1896.0,-1720.0,-267.6023,1048,76561198216891576,dgt,1
100,CTSpawn,ct,-1976.0,-1656.0,-267.4583,1048,76561198067722198,luchov,1
100,CTSpawn,ct,-1800.0,-1656.0,-267.20642,1048,76561198195642865,meyern,1
100,TSpawn,t,-307.0,1216.0,-164.81482,1048,76561198036125584,Jame,1
100,TSpawn,t,32.0,1296.0,-167.96875,1049,76561198356252021,slaxejezzz,1
100,CTSpawn,ct,-1800.0,-1776.0,-263.96875,1049,76561198319723208,HUASOPEEK,1
100,TSpawn,t,32.0,1136.0,-164.78845,1049,76561198210626739,zweih,1
100,CTSpawn,ct,-1976.0,-1776.0,-263.96875,1049,76561198242950384,max,1
100,TSpawn,t,-64.0,1136.0,-164.49915,1049,76561198028292758,HObbit,1
100,TSpawn,t,-160.0,1136.0,-164.43054,1049,76561198141272052,xiELO,1
100,CTSpawn,ct,-1896.0,-1720.0,-267.6023,1049,76561198216891576,dgt,1
100,CTSpawn,ct,-1976.0,-1656.0,-267.4583,1049,76561198067722198,luchov,1
100,CTSpawn,ct,-1800.0,-1656.0,-267.20642,1049,76561198195642865,meyern,1
100,TSpawn,t,-307.0,1216.0,-164.81482,1049,76561198036125584,Jame,1
100,TSpawn,t,32.0,1296.0,-167.96875,1050,76561198356252021,slaxejezzz,1
100,CTSpawn,ct,-1800.0,-1776.0,-263.96875,1050,76561198319723208,HUASOPEEK,1
100,TSpawn,t,32.0,1136.0,-164.78845,1050,76561198210626739,zweih,1
100,CTSpawn,ct,-1976.0,-1776.0,-263.96875,1050,76561198242950384,max,1
100,TSpawn,t,-64.0,1136.0,-164.49915,1050,76561198028292758,HObbit,1
100,TSpawn,t,-160.0,1136.0,-164.43054,1050,76561198141272052,xiELO,1
100,CTSpawn,ct,-1896.0,-1720.0,-267.6023,1050,76561198216891576,dgt,1
100,CTSpawn,ct,-1976.0,-1656.0,-267.4583,1050,76561198067722198,luchov,1
100,CTSpawn,ct,-1800.0,-1656.0,-267.20642,1050,76561198195642865,meyern,1
100,TSpawn,t,-307.0,1216.0,-164.81482,1050,76561198036125584,Jame,1
100,TSpawn,t,32.0,1296.0,-167.96875,1051,76561198356252021,slaxejezzz,1
100,CTSpawn,ct,-1800.0,-1776.0,-263.96875,1051,76561198319723208,HUASOPEEK,1
100,TSpawn,t,32.0,1136.0,-164.78845,1051,76561198210626739,zweih,1
100,CTSpawn,ct,-1976.0,-1776.0,-263.96875,1051,76561198242950384,max,1
100,TSpawn,t,-64.0,1136.0,-164.49915,1051,76561198028292758,HObbit,1
100,TSpawn,t,-160.0,1136.0,-164.43054,1051,76561198141272052,xiELO,1
100,CTSpawn,ct,-1896.0,-1720.0,-267.6023,1051,76561198216891576,dgt,1
100,CTSpawn,ct,-1976.0,-1656.0,-267.4583,1051,76561198067722198,luchov,1
100,CTSpawn,ct,-1800.0,-1656.0,-267.20642,1051,76561198195642865,meyern,1
100,TSpawn,t,-307.0,1216.0,-164.81482,1051,76561198036125584,Jame,1
100,TSpawn,t,32.0,1296.0,-167.96875,1052,76561198356252021,slaxejezzz,1
100,CTSpawn,ct,-1800.0,-1776.0,-263.96875,1052,76561198319723208,HUASOPEEK,1
100,TSpawn,t,32.0,1136.0,-164.78845,1052,76561198210626739,zweih,1
100,CTSpawn,ct,-1976.0,-1776.0,-263.96875,1052,76561198242950384,max,1
100,TSpawn,t,-64.0,1136.0,-164.49915,1052,76561198028292758,HObbit,1
100,TSpawn,t,-160.0,1136.0,-164.43054,1052,76561198141272052,xiELO,1
100,CTSpawn,ct,-1896.0,-1720.0,-267.6023,1052,76561198216891576,dgt,1
100,CTSpawn,ct,-1976.0,-1656.0,-267.4583,1052,76561198067722198,luchov,1
100,CTSpawn,ct,-1800.0,-1656.0,-267.20642,1052,76561198195642865,meyern,1
100,TSpawn,t,-307.0,1216.0,-164.81482,1052,76561198036125584,Jame,1
100,TSpawn,t,32.0,1296.0,-167.96875,1053,76561198356252021,slaxejezzz,1
100,CTSpawn,ct,-1800.0,-1776.0,-263.96875,1053,76561198319723208,HUASOPEEK,1
100,TSpawn,t,32.0,1136.0,-164.78845,1053,76561198210626739,zweih,1
100,CTSpawn,ct,-1976.0,-1776.0,-263.96875,1053,76561198242950384,max,1
100,TSpawn,t,-64.0,1136.0,-164.49915,1053,76561198028292758,HObbit,1
100,TSpawn,t,-160.0,1136.0,-164.43054,1053,76561198141272052,xiELO,1
100,CTSpawn,ct,-1896.0,-1720.0,-267.6023,1053,76561198216891576,dgt,1
100,CTSpawn,ct,-1976.0,-1656.0,-267.4583,1053,76561198067722198,luchov,1
100,CTSpawn,ct,-1800.0,-1656.0,-267.20642,1053,76561198195642865,meyern,1
100,TSpawn,t,-307.0,1216.0,-164.81482,1053,76561198036125584,Jame,1
100,TSpawn,t,32.0,1296.0,-167.96875,1054,76561198356252021,slaxejezzz,1
100,CTSpawn,ct,-1800.0,-1776.0,-263.96875,1054,76561198319723208,HUASOPEEK,1
100,TSpawn,t,32.0,1136.0,-164.78845,1054,76561198210626739,zweih,1
100,CTSpawn,ct,-1976.0,-1776.0,-263.96875,1054,76561198242950384,max,1
100,TSpawn,t,-64.0,1136.0,-164.49915,1054,76561198028292758,HObbit,1
100,TSpawn,t,-160.0,1136.0,-164.43054,1054,76561198141272052,xiELO,1
100,CTSpawn,ct,-1896.0,-1720.0,-267.6023,1054,76561198216891576,dgt,1
100,CTSpawn,ct,-1976.0,-1656.0,-267.4583,1054,76561198067722198,luchov,1
100,CTSpawn,ct,-1800.0,-1656.0,-267.20642,1054,76561198195642865,meyern,1
100,TSpawn,t,-307.0,1216.0,-164.81482,1054,76561198036125584,Jame,1
100,TSpawn,t,32.0,1296.0,-167.96875,1055,76561198356252021,slaxejezzz,1
100,CTSpawn,ct,-1800.0,-1776.0,-263.96875,1055,76561198319723208,HUASOPEEK,1
100,TSpawn,t,32.0,1136.0,-164.78845,1055,76561198210626739,zweih,1
100,CTSpawn,ct,-1976.0,-1776.0,-263.96875,1055,76561198242950384,max,1
100,TSpawn,t,-64.0,1136.0,-164.49915,1055,76561198028292758,HObbit,1
100,TSpawn,t,-160.0,1136.0,-164.43054,1055,76561198141272052,xiELO,1
100,CTSpawn,ct,-1896.0,-1720.0,-267.6023,1055,76561198216891576,dgt,1
100,CTSpawn,ct,-1976.0,-1656.0,-267.4583,1055,76561198067722198,luchov,1
100,CTSpawn,ct,-1800.0,-1656.0,-267.20642,1055,76561198195642865,meyern,1
100,TSpawn,t,-307.0,1216.0,-164.81482,1055,76561198036125584,Jame,1
100,TSpawn,t,32.0,1296.0,-167.96875,1056,76561198356252021,slaxejezzz,1
100,CTSpawn,ct,-1800.0,-1776.0,-263.96875,1056,76561198319723208,HUASOPEEK,1
100,TSpawn,t,32.0,1136.0,-164.78845,1056,76561198210626739,zweih,1
100,CTSpawn,ct,-1976.0,-1776.0,-263.96875,1056,76561198242950384,max,1
100,TSpawn,t,-64.0,1136.0,-164.49915,1056,76561198028292758,HObbit,1
100,TSpawn,t,-160.0,1136.0,-164.43054,1056,76561198141272052,xiELO,1
100,CTSpawn,ct,-1896.0,-1720.0,-267.6023,1056,76561198216891576,dgt,1
100,CTSpawn,ct,-1976.0,-1656.0,-267.4583,1056,76561198067722198,luchov,1
100,CTSpawn,ct,-1800.0,-1656.0,-267.20642,1056,76561198195642865,meyern,1
100,TSpawn,t,-307.0,1216.0,-164.81482,1056,76561198036125584,Jame,1
100,TSpawn,t,32.0,1296.0,-167.96875,1057,76561198356252021,slaxejezzz,1
100,CTSpawn,ct,-1800.0,-1776.0,-263.96875,1057,76561198319723208,HUASOPEEK,1
100,TSpawn,t,32.0,1136.0,-164.78845,1057,76561198210626739,zweih,1
100,CTSpawn,ct,-1976.0,-1776.0,-263.96875,1057,76561198242950384,max,1
100,TSpawn,t,-64.0,1136.0,-164.49915,1057,76561198028292758,HObbit,1
100,TSpawn,t,-160.0,1136.0,-164.43054,1057,76561198141272052,xiELO,1
100,CTSpawn,ct,-1896.0,-1720.0,-267.6023,1057,76561198216891576,dgt,1
100,CTSpawn,ct,-1976.0,-1656.0,-267.4583,1057,76561198067722198,luchov,1
100,CTSpawn,ct,-1800.0,-1656.0,-267.20642,1057,76561198195642865,meyern,1
100,TSpawn,t,-307.0,1216.0,-164.81482,1057,76561198036125584,Jame,1
100,TSpawn,t,32.0,1296.0,-167.96875,1058,76561198356252021,slaxejezzz,1
100,CTSpawn,ct,-1800.0,-1776.0,-263.96875,1058,76561198319723208,HUASOPEEK,1
100,TSpawn,t,32.0,1136.0,-164.78845,1058,76561198210626739,zweih,1
100,CTSpawn,ct,-1976.0,-1776.0,-263.96875,1058,76561198242950384,max,1
100,TSpawn,t,-64.0,1136.0,-164.49915,1058,76561198028292758,HObbit,1
100,TSpawn,t,-160.0,1136.0,-164.43054,1058,76561198141272052,xiELO,1
100,CTSpawn,ct,-1896.0,-1720.0,-267.6023,1058,76561198216891576,dgt,1
100,CTSpawn,ct,-1976.0,-1656.0,-267.4583,1058,76561198067722198,luchov,1
100,CTSpawn,ct,-1800.0,-1656.0,-267.20642,1058,76561198195642865,meyern,1
100,TSpawn,t,-307.0,1216.0,-164.81482,1058,76561198036125584,Jame,1
100,TSpawn,t,32.0,1296.0,-167.96875,1059,76561198356252021,slaxejezzz,1
100,CTSpawn,ct,-1800.0,-1776.0,-263.96875,1059,76561198319723208,HUASOPEEK,1
100,TSpawn,t,32.0,1136.0,-164.78845,1059,76561198210626739,zweih,1
100,CTSpawn,ct,-1976.0,-1776.0,-263.96875,1059,76561198242950384,max,1
100,TSpawn,t,-64.0,1136.0,-164.49915,1059,76561198028292758,HObbit,1
100,TSpawn,t,-160.0,1136.0,-164.43054,1059,76561198141272052,xiELO,1
100,CTSpawn,ct,-1896.0,-1720.0,-267.6023,1059,76561198216891576,dgt,1
100,CTSpawn,ct,-1976.0,-1656.0,-267.4583,1059,76561198067722198,luchov,1
100,CTSpawn,ct,-1800.0,-1656.0,-267.20642,1059,76561198195642865,meyern,1
100,TSpawn,t,-307.0,1216.0,-164.81482,1059,76561198036125584,Jame,1
100,TSpawn,t,32.0,1296.0,-167.96875,1060,76561198356252021,slaxejezzz,1
100,CTSpawn,ct,-1800.0,-1776.0,-263.96875,1060,76561198319723208,HUASOPEEK,1
100,TSpawn,t,32.0,1136.0,-164.78845,1060,76561198210626739,zweih,1
100,CTSpawn,ct,-1976.0,-1776.0,-263.96875,1060,76561198242950384,max,1
100,TSpawn,t,-64.0,1136.0,-164.49915,1060,76561198028292758,HObbit,1
100,TSpawn,t,-160.0,1136.0,-164.43054,1060,76561198141272052,xiELO,1
100,CTSpawn,ct,-1896.0,-1720.0,-267.6023,1060,76561198216891576,dgt,1
100,CTSpawn,ct,-1976.0,-1656.0,-267.4583,1060,76561198067722198,luchov,1
100,CTSpawn,ct,-1800.0,-1656.0,-267.20642,1060,76561198195642865,meyern,1
100,TSpawn,t,-307.0,1216.0,-164.81482,1060,76561198036125584,Jame,1
100,TSpawn,t,32.0,1296.0,-167.96875,1061,76561198356252021,slaxejezzz,1
100,CTSpawn,ct,-1800.0,-1776.0,-263.96875,1061,76561198319723208,HUASOPEEK,1
100,TSpawn,t,32.0,1136.0,-164.78845,1061,76561198210626739,zweih,1
100,CTSpawn,ct,-1976.0,-1776.0,-263.96875,1061,76561198242950384,max,1
100,TSpawn,t,-64.0,1136.0,-164.49915,1061,76561198028292758,HObbit,1
100,TSpawn,t,-160.0,1136.0,-164.43054,1061,76561198141272052,xiELO,1
100,CTSpawn,ct,-1896.0,-1720.0,-267.6023,1061,76561198216891576,dgt,1
100,CTSpawn,ct,-1976.0,-1656.0,-267.4583,1061,76561198067722198,luchov,1
100,CTSpawn,ct,-1800.0,-1656.0,-267.20642,1061,76561198195642865,meyern,1
100,TSpawn,t,-307.0,1216.0,-164.81482,1061,76561198036125584,Jame,1
100,TSpawn,t,32.0,1296.0,-167.96875,1062,76561198356252021,slaxejezzz,1
100,CTSpawn,ct,-1800.0,-1776.0,-263.96875,1062,76561198319723208,HUASOPEEK,1
100,TSpawn,t,32.0,1136.0,-164.78845,1062,76561198210626739,zweih,1
100,CTSpawn,ct,-1976.0,-1776.0,-263.96875,1062,76561198242950384,max,1
100,TSpawn,t,-64.0,1136.0,-164.49915,1062,76561198028292758,HObbit,1
100,TSpawn,t,-160.0,1136.0,-164.43054,1062,76561198141272052,xiELO,1
100,CTSpawn,ct,-1896.0,-1720.0,-267.6023,1062,76561198216891576,dgt,1
100,CTSpawn,ct,-1976.0,-1656.0,-267.4583,1062,76561198067722198,luchov,1
100,CTSpawn,ct,-1800.0,-1656.0,-267.20642,1062,76561198195642865,meyern,1
100,TSpawn,t,-307.0,1216.0,-164.81482,1062,76561198036125584,Jame,1
100,TSpawn,t,32.0,1296.0,-167.96875,1063,76561198356252021,slaxejezzz,1
100,CTSpawn,ct,-1800.0,-1776.0,-263.96875,1063,76561198319723208,HUASOPEEK,1
100,TSpawn,t,32.0,1136.0,-164.78845,1063,76561198210626739,zweih,1
100,CTSpawn,ct,-1976.0,-1776.0,-263.96875,1063,76561198242950384,max,1
100,TSpawn,t,-64.0,1136.0,-164.49915,1063,76561198028292758,HObbit,1
100,TSpawn,t,-160.0,1136.0,-164.43054,1063,76561198141272052,xiELO,1
100,CTSpawn,ct,-1896.0,-1720.0,-267.6023,1063,76561198216891576,dgt,1
100,CTSpawn,ct,-1976.0,-1656.0,-267.4583,1063,76561198067722198,luchov,1
100,CTSpawn,ct,-1800.0,-1656.0,-267.20642,1063,76561198195642865,meyern,1
100,TSpawn,t,-307.0,1216.0,-164.81482,1063,76561198036125584,Jame,1
100,TSpawn,t,32.0,1296.0,-167.96875,1064,76561198356252021,slaxejezzz,1
100,CTSpawn,ct,-1800.0,-1776.0,-263.96875,1064,76561198319723208,HUASOPEEK,1
100,TSpawn,t,32.0,1136.0,-164.78845,1064,76561198210626739,zweih,1
100,CTSpawn,ct,-1976.0,-1776.0,-263.96875,1064,76561198242950384,max,1
100,TSpawn,t,-64.0,1136.0,-164.49915,1064,76561198028292758,HObbit,1
100,TSpawn,t,-160.0,1136.0,-164.43054,1064,76561198141272052,xiELO,1
100,CTSpawn,ct,-1896.0,-1720.0,-267.6023,1064,76561198216891576,dgt,1
100,CTSpawn,ct,-1976.0,-1656.0,-267.4583,1064,76561198067722198,luchov,1
100,CTSpawn,ct,-1800.0,-1656.0,-267.20642,1064,76561198195642865,meyern,1
100,TSpawn,t,-307.0,1216.0,-164.81482,1064,76561198036125584,Jame,1
100,TSpawn,t,32.0,1296.0,-167.96875,1065,76561198356252021,slaxejezzz,1
100,CTSpawn,ct,-1800.0,-1776.0,-263.96875,1065,76561198319723208,HUASOPEEK,1
100,TSpawn,t,32.0,1136.0,-164.78845,1065,76561198210626739,zweih,1
100,CTSpawn,ct,-1976.0,-1776.0,-263.96875,1065,76561198242950384,max,1
100,TSpawn,t,-64.0,1136.0,-164.49915,1065,76561198028292758,HObbit,1
100,TSpawn,t,-160.0,1136.0,-164.43054,1065,76561198141272052,xiELO,1
100,CTSpawn,ct,-1896.0,-1720.0,-267.6023,1065,76561198216891576,dgt,1
100,CTSpawn,ct,-1976.0,-1656.0,-267.4583,1065,76561198067722198,luchov,1
100,CTSpawn,ct,-1800.0,-1656.0,-267.20642,1065,76561198195642865,meyern,1
100,TSpawn,t,-307.0,1216.0,-164.81482,1065,76561198036125584,Jame,1
100,TSpawn,t,32.0,1296.0,-167.96875,1066,76561198356252021,slaxejezzz,1
100,CTSpawn,ct,-1800.0,-1776.0,-263.96875,1066,76561198319723208,HUASOPEEK,1
100,TSpawn,t,32.0,1136.0,-164.78845,1066,76561198210626739,zweih,1
100,CTSpawn,ct,-1976.0,-1776.0,-263.96875,1066,76561198242950384,max,1
100,TSpawn,t,-64.0,1136.0,-164.49915,1066,76561198028292758,HObbit,1
100,TSpawn,t,-160.0,1136.0,-164.43054,1066,76561198141272052,xiELO,1
100,CTSpawn,ct,-1896.0,-1720.0,-267.6023,1066,76561198216891576,dgt,1
100,CTSpawn,ct,-1976.0,-1656.0,-267.4583,1066,76561198067722198,luchov,1
100,CTSpawn,ct,-1800.0,-1656.0,-267.20642,1066,76561198195642865,meyern,1
100,TSpawn,t,-307.0,1216.0,-164.81482,1066,76561198036125584,Jame,1
100,TSpawn,t,32.0,1296.0,-167.96875,1067,76561198356252021,slaxejezzz,1
100,CTSpawn,ct,-1800.0,-1776.0,-263.96875,1067,76561198319723208,HUASOPEEK,1
100,TSpawn,t,32.0,1136.0,-164.78845,1067,76561198210626739,zweih,1
100,CTSpawn,ct,-1976.0,-1776.0,-263.96875,1067,76561198242950384,max,1
100,TSpawn,t,-64.0,1136.0,-164.49915,1067,76561198028292758,HObbit,1
100,TSpawn,t,-160.0,1136.0,-164.43054,1067,76561198141272052,xiELO,1
100,CTSpawn,ct,-1896.0,-1720.0,-267.6023,1067,76561198216891576,dgt,1
100,CTSpawn,ct,-1976.0,-1656.0,-267.4583,1067,76561198067722198,luchov,1
100,CTSpawn,ct,-1800.0,-1656.0,-267.20642,1067,76561198195642865,meyern,1
100,TSpawn,t,-307.0,1216.0,-164.81482,1067,76561198036125584,Jame,1
100,TSpawn,t,32.0,1296.0,-167.96875,1068,76561198356252021,slaxejezzz,1
100,CTSpawn,ct,-1800.0,-1776.0,-263.96875,1068,76561198319723208,HUASOPEEK,1
100,TSpawn,t,32.0,1136.0,-164.78845,1068,76561198210626739,zweih,1
100,CTSpawn,ct,-1976.0,-1776.0,-263.96875,1068,76561198242950384,max,1
100,TSpawn,t,-64.0,1136.0,-164.49915,1068,76561198028292758,HObbit,1
100,TSpawn,t,-160.0,1136.0,-164.43054,1068,76561198141272052,xiELO,1
100,CTSpawn,ct,-1896.0,-1720.0,-267.6023,1068,76561198216891576,dgt,1
100,CTSpawn,ct,-1976.0,-1656.0,-267.4583,1068,76561198067722198,luchov,1
100,CTSpawn,ct,-1800.0,-1656.0,-267.20642,1068,76561198195642865,meyern,1
100,TSpawn,t,-307.0,1216.0,-164.81482,1068,76561198036125584,Jame,1
100,TSpawn,t,32.0,1296.0,-167.96875,1069,76561198356252021,slaxejezzz,1
100,CTSpawn,ct,-1800.0,-1776.0,-263.96875,1069,76561198319723208,HUASOPEEK,1
100,TSpawn,t,32.0,1136.0,-164.78845,1069,76561198210626739,zweih,1
100,CTSpawn,ct,-1976.0,-1776.0,-263.96875,1069,76561198242950384,max,1
100,TSpawn,t,-64.0,1136.0,-164.49915,1069,76561198028292758,HObbit,1
100,TSpawn,t,-160.0,1136.0,-164.43054,1069,76561198141272052,xiELO,1
100,CTSpawn,ct,-1896.0,-1720.0,-267.6023,1069,76561198216891576,dgt,1
100,CTSpawn,ct,-1976.0,-1656.0,-267.4583,1069,76561198067722198,luchov,1
100,CTSpawn,ct,-1800.0,-1656.0,-267.20642,1069,76561198195642865,meyern,1
100,TSpawn,t,-307.0,1216.0,-164.81482,1069,76561198036125584,Jame,1
100,TSpawn,t,32.0,1296.0,-167.96875,1070,76561198356252021,slaxejezzz,1
100,CTSpawn,ct,-1800.0,-1776.0,-263.96875,1070,76561198319723208,HUASOPEEK,1
100,TSpawn,t,32.0,1136.0,-164.78845,1070,76561198210626739,zweih,1
100,CTSpawn,ct,-1976.0,-1776.0,-263.96875,1070,76561198242950384,max,1
100,TSpawn,t,-64.0,1136.0,-164.49915,1070,76561198028292758,HObbit,1
100,TSpawn,t,-160.0,1136.0,-164.43054,1070,76561198141272052,xiELO,1
100,CTSpawn,ct,-1896.0,-1720.0,-267.6023,1070,76561198216891576,dgt,1
100,CTSpawn,ct,-1976.0,-1656.0,-267.4583,1070,76561198067722198,luchov,1
100,CTSpawn,ct,-1800.0,-1656.0,-267.20642,1070,76561198195642865,meyern,1
100,TSpawn,t,-307.0,1216.0,-164.81482,1070,76561198036125584,Jame,1
100,TSpawn,t,32.0,1296.0,-167.96875,1071,76561198356252021,slaxejezzz,1
100,CTSpawn,ct,-1800.0,-1776.0,-263.96875,1071,76561198319723208,HUASOPEEK,1
100,TSpawn,t,32.0,1136.0,-164.78845,1071,76561198210626739,zweih,1
100,CTSpawn,ct,-1976.0,-1776.0,-263.96875,1071,76561198242950384,max,1
100,TSpawn,t,-64.0,1136.0,-164.49915,1071,76561198028292758,HObbit,1
100,TSpawn,t,-160.0,1136.0,-164.43054,1071,76561198141272052,xiELO,1
100,CTSpawn,ct,-1896.0,-1720.0,-267.6023,1071,76561198216891576,dgt,1
100,CTSpawn,ct,-1976.0,-1656.0,-267.4583,1071,76561198067722198,luchov,1
100,CTSpawn,ct,-1800.0,-1656.0,-267.20642,1071,76561198195642865,meyern,1
100,TSpawn,t,-307.0,1216.0,-164.81482,1071,76561198036125584,Jame,1
100,TSpawn,t,32.0,1296.0,-167.96875,1072,76561198356252021,slaxejezzz,1
100,CTSpawn,ct,-1800.0,-1776.0,-263.96875,1072,76561198319723208,HUASOPEEK,1
100,TSpawn,t,32.0,1136.0,-164.78845,1072,76561198210626739,zweih,1
100,CTSpawn,ct,-1976.0,-1776.0,-263.96875,1072,76561198242950384,max,1
100,TSpawn,t,-64.0,1136.0,-164.49915,1072,76561198028292758,HObbit,1
100,TSpawn,t,-160.0,1136.0,-164.43054,1072,76561198141272052,xiELO,1
100,CTSpawn,ct,-1896.0,-1720.0,-267.6023,1072,76561198216891576,dgt,1
100,CTSpawn,ct,-1976.0,-1656.0,-267.4583,1072,76561198067722198,luchov,1
100,CTSpawn,ct,-1800.0,-1656.0,-267.20642,1072,76561198195642865,meyern,1
100,TSpawn,t,-307.0,1216.0,-164.81482,1072,76561198036125584,Jame,1
100,TSpawn,t,32.0,1296.0,-167.96875,1073,76561198356252021,slaxejezzz,1
100,CTSpawn,ct,-1800.0,-1776.0,-263.96875,1073,76561198319723208,HUASOPEEK,1
100,TSpawn,t,32.0,1136.0,-164.78845,1073,76561198210626739,zweih,1
100,CTSpawn,ct,-1976.0,-1776.0,-263.96875,1073,76561198242950384,max,1
100,TSpawn,t,-64.0,1136.0,-164.49915,1073,76561198028292758,HObbit,1
100,TSpawn,t,-160.0,1136.0,-164.43054,1073,76561198141272052,xiELO,1
100,CTSpawn,ct,-1896.0,-1720.0,-267.6023,1073,76561198216891576,dgt,1
100,CTSpawn,ct,-1976.0,-1656.0,-267.4583,1073,76561198067722198,luchov,1
100,CTSpawn,ct,-1800.0,-1656.0,-267.20642,1073,76561198195642865,meyern,1
100,TSpawn,t,-307.0,1216.0,-164.81482,1073,76561198036125584,Jame,1
100,TSpawn,t,32.0,1296.0,-167.96875,1074,76561198356252021,slaxejezzz,1
100,CTSpawn,ct,-1800.0,-1776.0,-263.96875,1074,76561198319723208,HUASOPEEK,1
100,TSpawn,t,32.0,1136.0,-164.78845,1074,76561198210626739,zweih,1
100,CTSpawn,ct,-1976.0,-1776.0,-263.96875,1074,76561198242950384,max,1
100,TSpawn,t,-64.0,1136.0,-164.49915,1074,76561198028292758,HObbit,1
100,TSpawn,t,-160.0,1136.0,-164.43054,1074,76561198141272052,xiELO,1
100,CTSpawn,ct,-1896.0,-1720.0,-267.6023,1074,76561198216891576,dgt,1
100,CTSpawn,ct,-1976.0,-1656.0,-267.4583,1074,76561198067722198,luchov,1
100,CTSpawn,ct,-1800.0,-1656.0,-267.20642,1074,76561198195642865,meyern,1
100,TSpawn,t,-307.0,1216.0,-164.81482,1074,76561198036125584,Jame,1
100,TSpawn,t,32.0,1296.0,-167.96875,1075,76561198356252021,slaxejezzz,1
100,CTSpawn,ct,-1800.0,-1776.0,-263.96875,1075,76561198319723208,HUASOPEEK,1
100,TSpawn,t,32.0,1136.0,-164.78845,1075,76561198210626739,zweih,1
100,CTSpawn,ct,-1976.0,-1776.0,-263.96875,1075,76561198242950384,max,1
100,TSpawn,t,-64.0,1136.0,-164.49915,1075,76561198028292758,HObbit,1
100,TSpawn,t,-160.0,1136.0,-164.43054,1075,76561198141272052,xiELO,1
100,CTSpawn,ct,-1896.0,-1720.0,-267.6023,1075,76561198216891576,dgt,1
100,CTSpawn,ct,-1976.0,-1656.0,-267.4583,1075,76561198067722198,luchov,1
100,CTSpawn,ct,-1800.0,-1656.0,-267.20642,1075,76561198195642865,meyern,1
100,TSpawn,t,-307.0,1216.0,-164.81482,1075,76561198036125584,Jame,1
100,TSpawn,t,32.0,1296.0,-167.96875,1076,76561198356252021,slaxejezzz,1
100,CTSpawn,ct,-1800.0,-1776.0,-263.96875,1076,76561198319723208,HUASOPEEK,1
100,TSpawn,t,32.0,1136.0,-164.78845,1076,76561198210626739,zweih,1
100,CTSpawn,ct,-1976.0,-1776.0,-263.96875,1076,76561198242950384,max,1
100,TSpawn,t,-64.0,1136.0,-164.49915,1076,76561198028292758,HObbit,1
100,TSpawn,t,-160.0,1136.0,-164.43054,1076,76561198141272052,xiELO,1
100,CTSpawn,ct,-1896.0,-1720.0,-267.6023,1076,76561198216891576,dgt,1
100,CTSpawn,ct,-1976.0,-1656.0,-267.4583,1076,76561198067722198,luchov,1
100,CTSpawn,ct,-1800.0,-1656.0,-267.20642,1076,76561198195642865,meyern,1
100,TSpawn,t,-307.0,1216.0,-164.81482,1076,76561198036125584,Jame,1
100,TSpawn,t,32.0,1296.0,-167.96875,1077,76561198356252021,slaxejezzz,1
100,CTSpawn,ct,-1800.0,-1776.0,-263.96875,1077,76561198319723208,HUASOPEEK,1
100,TSpawn,t,32.0,1136.0,-164.78845,1077,76561198210626739,zweih,1
100,CTSpawn,ct,-1976.0,-1776.0,-263.96875,1077,76561198242950384,max,1
100,TSpawn,t,-64.0,1136.0,-164.49915,1077,76561198028292758,HObbit,1
100,TSpawn,t,-160.0,1136.0,-164.43054,1077,76561198141272052,xiELO,1
100,CTSpawn,ct,-1896.0,-1720.0,-267.6023,1077,76561198216891576,dgt,1
100,CTSpawn,ct,-1976.0,-1656.0,-267.4583,1077,76561198067722198,luchov,1
100,CTSpawn,ct,-1800.0,-1656.0,-267.20642,1077,76561198195642865,meyern,1
100,TSpawn,t,-307.0,1216.0,-164.81482,1077,76561198036125584,Jame,1
100,TSpawn,t,32.0,1296.0,-167.96875,1078,76561198356252021,slaxejezzz,1
100,CTSpawn,ct,-1800.0,-1776.0,-263.96875,1078,76561198319723208,HUASOPEEK,1
100,TSpawn,t,32.0,1136.0,-164.78845,1078,76561198210626739,zweih,1
100,CTSpawn,ct,-1976.0,-1776.0,-263.96875,1078,76561198242950384,max,1
100,TSpawn,t,-64.0,1136.0,-164.49915,1078,76561198028292758,HObbit,1
100,TSpawn,t,-160.0,1136.0,-164.43054,1078,76561198141272052,xiELO,1
100,CTSpawn,ct,-1896.0,-1720.0,-267.6023,1078,76561198216891576,dgt,1
100,CTSpawn,ct,-1976.0,-1656.0,-267.4583,1078,76561198067722198,luchov,1
100,CTSpawn,ct,-1800.0,-1656.0,-267.20642,1078,76561198195642865,meyern,1
100,TSpawn,t,-307.0,1216.0,-164.81482,1078,76561198036125584,Jame,1
100,TSpawn,t,32.0,1296.0,-167.96875,1079,76561198356252021,slaxejezzz,1
100,CTSpawn,ct,-1800.0,-1776.0,-263.96875,1079,76561198319723208,HUASOPEEK,1
100,TSpawn,t,32.0,1136.0,-164.78845,1079,76561198210626739,zweih,1
100,CTSpawn,ct,-1976.0,-1776.0,-263.96875,1079,76561198242950384,max,1
100,TSpawn,t,-64.0,1136.0,-164.49915,1079,76561198028292758,HObbit,1
100,TSpawn,t,-160.0,1136.0,-164.43054,1079,76561198141272052,xiELO,1
100,CTSpawn,ct,-1896.0,-1720.0,-267.6023,1079,76561198216891576,dgt,1
100,CTSpawn,ct,-1976.0,-1656.0,-267.4583,1079,76561198067722198,luchov,1
100,CTSpawn,ct,-1800.0,-1656.0,-267.20642,1079,76561198195642865,meyern,1
100,TSpawn,t,-307.0,1216.0,-164.81482,1079,76561198036125584,Jame,1
100,TSpawn,t,32.0,1296.0,-167.96875,1080,76561198356252021,slaxejezzz,1
100,CTSpawn,ct,-1800.0,-1776.0,-263.96875,1080,76561198319723208,HUASOPEEK,1
100,TSpawn,t,32.0,1136.0,-164.78845,1080,76561198210626739,zweih,1
100,CTSpawn,ct,-1976.0,-1776.0,-263.96875,1080,76561198242950384,max,1
100,TSpawn,t,-64.0,1136.0,-164.49915,1080,76561198028292758,HObbit,1
100,TSpawn,t,-160.0,1136.0,-164.43054,1080,76561198141272052,xiELO,1
100,CTSpawn,ct,-1896.0,-1720.0,-267.6023,1080,76561198216891576,dgt,1
100,CTSpawn,ct,-1976.0,-1656.0,-267.4583,1080,76561198067722198,luchov,1
100,CTSpawn,ct,-1800.0,-1656.0,-267.20642,1080,76561198195642865,meyern,1
100,TSpawn,t,-307.0,1216.0,-164.81482,1080,76561198036125584,Jame,1
100,TSpawn,t,32.0,1296.0,-167.96875,1081,76561198356252021,slaxejezzz,1
100,CTSpawn,ct,-1800.0,-1776.0,-263.96875,1081,76561198319723208,HUASOPEEK,1
100,TSpawn,t,32.0,1136.0,-164.78845,1081,76561198210626739,zweih,1
100,CTSpawn,ct,-1976.0,-1776.0,-263.96875,1081,76561198242950384,max,1
100,TSpawn,t,-64.0,1136.0,-164.49915,1081,76561198028292758,HObbit,1
100,TSpawn,t,-160.0,1136.0,-164.43054,1081,76561198141272052,xiELO,1
100,CTSpawn,ct,-1896.0,-1720.0,-267.6023,1081,76561198216891576,dgt,1
100,CTSpawn,ct,-1976.0,-1656.0,-267.4583,1081,76561198067722198,luchov,1
100,CTSpawn,ct,-1800.0,-1656.0,-267.20642,1081,76561198195642865,meyern,1
100,TSpawn,t,-307.0,1216.0,-164.81482,1081,76561198036125584,Jame,1
100,TSpawn,t,32.0,1296.0,-167.96875,1082,76561198356252021,slaxejezzz,1
100,CTSpawn,ct,-1800.0,-1776.0,-263.96875,1082,76561198319723208,HUASOPEEK,1
100,TSpawn,t,32.0,1136.0,-164.78845,1082,76561198210626739,zweih,1
100,CTSpawn,ct,-1976.0,-1776.0,-263.96875,1082,76561198242950384,max,1
100,TSpawn,t,-64.0,1136.0,-164.49915,1082,76561198028292758,HObbit,1
100,TSpawn,t,-160.0,1136.0,-164.43054,1082,76561198141272052,xiELO,1
100,CTSpawn,ct,-1896.0,-1720.0,-267.6023,1082,76561198216891576,dgt,1
100,CTSpawn,ct,-1976.0,-1656.0,-267.4583,1082,76561198067722198,luchov,1
100,CTSpawn,ct,-1800.0,-1656.0,-267.20642,1082,76561198195642865,meyern,1
100,TSpawn,t,-307.0,1216.0,-164.81482,1082,76561198036125584,Jame,1
100,TSpawn,t,32.0,1296.0,-167.96875,1083,76561198356252021,slaxejezzz,1
100,CTSpawn,ct,-1800.0,-1776.0,-263.96875,1083,76561198319723208,HUASOPEEK,1
100,TSpawn,t,32.0,1136.0,-164.78845,1083,76561198210626739,zweih,1
100,CTSpawn,ct,-1976.0,-1776.0,-263.96875,1083,76561198242950384,max,1
100,TSpawn,t,-64.0,1136.0,-164.49915,1083,76561198028292758,HObbit,1
100,TSpawn,t,-160.0,1136.0,-164.43054,1083,76561198141272052,xiELO,1
100,CTSpawn,ct,-1896.0,-1720.0,-267.6023,1083,76561198216891576,dgt,1
100,CTSpawn,ct,-1976.0,-1656.0,-267.4583,1083,76561198067722198,luchov,1
100,CTSpawn,ct,-1800.0,-1656.0,-267.20642,1083,76561198195642865,meyern,1
100,TSpawn,t,-307.0,1216.0,-164.81482,1083,76561198036125584,Jame,1
100,TSpawn,t,32.0,1296.0,-167.96875,1084,76561198356252021,slaxejezzz,1
100,CTSpawn,ct,-1800.0,-1776.0,-263.96875,1084,76561198319723208,HUASOPEEK,1
100,TSpawn,t,32.0,1136.0,-164.78845,1084,76561198210626739,zweih,1
100,CTSpawn,ct,-1976.0,-1776.0,-263.96875,1084,76561198242950384,max,1
100,TSpawn,t,-64.0,1136.0,-164.49915,1084,76561198028292758,HObbit,1
100,TSpawn,t,-160.0,1136.0,-164.43054,1084,76561198141272052,xiELO,1
100,CTSpawn,ct,-1896.0,-1720.0,-267.6023,1084,76561198216891576,dgt,1
100,CTSpawn,ct,-1976.0,-1656.0,-267.4583,1084,76561198067722198,luchov,1
100,CTSpawn,ct,-1800.0,-1656.0,-267.20642,1084,76561198195642865,meyern,1
100,TSpawn,t,-307.0,1216.0,-164.81482,1084,76561198036125584,Jame,1
100,TSpawn,t,32.0,1296.0,-167.96875,1085,76561198356252021,slaxejezzz,1
100,CTSpawn,ct,-1800.0,-1776.0,-263.96875,1085,76561198319723208,HUASOPEEK,1
100,TSpawn,t,32.0,1136.0,-164.78845,1085,76561198210626739,zweih,1
100,CTSpawn,ct,-1976.0,-1776.0,-263.96875,1085,76561198242950384,max,1
100,TSpawn,t,-64.0,1136.0,-164.49915,1085,76561198028292758,HObbit,1
100,TSpawn,t,-160.0,1136.0,-164.43054,1085,76561198141272052,xiELO,1
100,CTSpawn,ct,-1896.0,-1720.0,-267.6023,1085,76561198216891576,dgt,1
100,CTSpawn,ct,-1976.0,-1656.0,-267.4583,1085,76561198067722198,luchov,1
100,CTSpawn,ct,-1800.0,-1656.0,-267.20642,1085,76561198195642865,meyern,1
100,TSpawn,t,-307.0,1216.0,-164.81482,1085,76561198036125584,Jame,1
100,TSpawn,t,32.0,1296.0,-167.96875,1086,76561198356252021,slaxejezzz,1
100,CTSpawn,ct,-1800.0,-1776.0,-263.96875,1086,76561198319723208,HUASOPEEK,1
100,TSpawn,t,32.0,1136.0,-164.78845,1086,76561198210626739,zweih,1
100,CTSpawn,ct,-1976.0,-1776.0,-263.96875,1086,76561198242950384,max,1
100,TSpawn,t,-64.0,1136.0,-164.49915,1086,76561198028292758,HObbit,1
100,TSpawn,t,-160.0,1136.0,-164.43054,1086,76561198141272052,xiELO,1
100,CTSpawn,ct,-1896.0,-1720.0,-267.6023,1086,76561198216891576,dgt,1
100,CTSpawn,ct,-1976.0,-1656.0,-267.4583,1086,76561198067722198,luchov,1
100,CTSpawn,ct,-1800.0,-1656.0,-267.20642,1086,76561198195642865,meyern,1
100,TSpawn,t,-307.0,1216.0,-164.81482,1086,76561198036125584,Jame,1
100,TSpawn,t,32.0,1296.0,-167.96875,1087,76561198356252021,slaxejezzz,1
100,CTSpawn,ct,-1800.0,-1776.0,-263.96875,1087,76561198319723208,HUASOPEEK,1
100,TSpawn,t,32.0,1136.0,-164.78845,1087,76561198210626739,zweih,1
100,CTSpawn,ct,-1976.0,-1776.0,-263.96875,1087,76561198242950384,max,1
100,TSpawn,t,-64.0,1136.0,-164.49915,1087,76561198028292758,HObbit,1
100,TSpawn,t,-160.0,1136.0,-164.43054,1087,76561198141272052,xiELO,1
100,CTSpawn,ct,-1896.0,-1720.0,-267.6023,1087,76561198216891576,dgt,1
100,CTSpawn,ct,-1976.0,-1656.0,-267.4583,1087,76561198067722198,luchov,1
100,CTSpawn,ct,-1800.0,-1656.0,-267.20642,1087,76561198195642865,meyern,1
100,TSpawn,t,-307.0,1216.0,-164.81482,1087,76561198036125584,Jame,1
100,TSpawn,t,32.0,1296.0,-167.96875,1088,76561198356252021,slaxejezzz,1
100,CTSpawn,ct,-1800.0,-1776.0,-263.96875,1088,76561198319723208,HUASOPEEK,1
100,TSpawn,t,32.0,1136.0,-164.78845,1088,76561198210626739,zweih,1
100,CTSpawn,ct,-1976.0,-1776.0,-263.96875,1088,76561198242950384,max,1
100,TSpawn,t,-64.0,1136.0,-164.49915,1088,76561198028292758,HObbit,1
100,TSpawn,t,-160.0,1136.0,-164.43054,1088,76561198141272052,xiELO,1
100,CTSpawn,ct,-1896.0,-1720.0,-267.6023,1088,76561198216891576,dgt,1
100,CTSpawn,ct,-1976.0,-1656.0,-267.4583,1088,76561198067722198,luchov,1
100,CTSpawn,ct,-1800.0,-1656.0,-267.20642,1088,76561198195642865,meyern,1
100,TSpawn,t,-307.0,1216.0,-164.81482,1088,76561198036125584,Jame,1
100,TSpawn,t,32.0,1296.0,-167.96875,1089,76561198356252021,slaxejezzz,1
100,CTSpawn,ct,-1800.0,-1776.0,-263.96875,1089,76561198319723208,HUASOPEEK,1
100,TSpawn,t,32.0,1136.0,-164.78845,1089,76561198210626739,zweih,1
100,CTSpawn,ct,-1976.0,-1776.0,-263.96875,1089,76561198242950384,max,1
100,TSpawn,t,-64.0,1136.0,-164.49915,1089,76561198028292758,HObbit,1
100,TSpawn,t,-160.0,1136.0,-164.43054,1089,76561198141272052,xiELO,1
100,CTSpawn,ct,-1896.0,-1720.0,-267.6023,1089,76561198216891576,dgt,1
100,CTSpawn,ct,-1976.0,-1656.0,-267.4583,1089,76561198067722198,luchov,1
100,CTSpawn,ct,-1800.0,-1656.0,-267.20642,1089,76561198195642865,meyern,1
100,TSpawn,t,-307.0,1216.0,-164.81482,1089,76561198036125584,Jame,1
100,TSpawn,t,32.0,1296.0,-167.96875,1090,76561198356252021,slaxejezzz,1
100,CTSpawn,ct,-1800.0,-1776.0,-263.96875,1090,76561198319723208,HUASOPEEK,1
100,TSpawn,t,32.0,1136.0,-164.78845,1090,76561198210626739,zweih,1
100,CTSpawn,ct,-1976.0,-1776.0,-263.96875,1090,76561198242950384,max,1
100,TSpawn,t,-64.0,1136.0,-164.49915,1090,76561198028292758,HObbit,1
100,TSpawn,t,-160.0,1136.0,-164.43054,1090,76561198141272052,xiELO,1
100,CTSpawn,ct,-1896.0,-1720.0,-267.6023,1090,76561198216891576,dgt,1
100,CTSpawn,ct,-1976.0,-1656.0,-267.4583,1090,76561198067722198,luchov,1
100,CTSpawn,ct,-1800.0,-1656.0,-267.20642,1090,76561198195642865,meyern,1
100,TSpawn,t,-307.0,1216.0,-164.81482,1090,76561198036125584,Jame,1
100,TSpawn,t,32.0,1296.0,-167.96875,1091,76561198356252021,slaxejezzz,1
100,CTSpawn,ct,-1800.0,-1776.0,-263.96875,1091,76561198319723208,HUASOPEEK,1
100,TSpawn,t,32.0,1136.0,-164.78845,1091,76561198210626739,zweih,1
100,CTSpawn,ct,-1976.0,-1776.0,-263.96875,1091,76561198242950384,max,1
100,TSpawn,t,-64.0,1136.0,-164.49915,1091,76561198028292758,HObbit,1
100,TSpawn,t,-160.0,1136.0,-164.43054,1091,76561198141272052,xiELO,1
100,CTSpawn,ct,-1896.0,-1720.0,-267.6023,1091,76561198216891576,dgt,1
100,CTSpawn,ct,-1976.0,-1656.0,-267.4583,1091,76561198067722198,luchov,1
100,CTSpawn,ct,-1800.0,-1656.0,-267.20642,1091,76561198195642865,meyern,1
100,TSpawn,t,-307.0,1216.0,-164.81482,1091,76561198036125584,Jame,1
100,TSpawn,t,32.0,1296.0,-167.96875,1092,76561198356252021,slaxejezzz,1
100,CTSpawn,ct,-1800.0,-1776.0,-263.96875,1092,76561198319723208,HUASOPEEK,1
100,TSpawn,t,32.0,1136.0,-164.78845,1092,76561198210626739,zweih,1
100,CTSpawn,ct,-1976.0,-1776.0,-263.96875,1092,76561198242950384,max,1
100,TSpawn,t,-64.0,1136.0,-164.49915,1092,76561198028292758,HObbit,1
100,TSpawn,t,-160.0,1136.0,-164.43054,1092,76561198141272052,xiELO,1
100,CTSpawn,ct,-1896.0,-1720.0,-267.6023,1092,76561198216891576,dgt,1
100,CTSpawn,ct,-1976.0,-1656.0,-267.4583,1092,76561198067722198,luchov,1
100,CTSpawn,ct,-1800.0,-1656.0,-267.20642,1092,76561198195642865,meyern,1
100,TSpawn,t,-307.0,1216.0,-164.81482,1092,76561198036125584,Jame,1
100,TSpawn,t,32.0,1296.0,-167.96875,1093,76561198356252021,slaxejezzz,1
100,CTSpawn,ct,-1800.0,-1776.0,-263.96875,1093,76561198319723208,HUASOPEEK,1
100,TSpawn,t,32.0,1136.0,-164.78845,1093,76561198210626739,zweih,1
100,CTSpawn,ct,-1976.0,-1776.0,-263.96875,1093,76561198242950384,max,1
100,TSpawn,t,-64.0,1136.0,-164.49915,1093,76561198028292758,HObbit,1
100,TSpawn,t,-160.0,1136.0,-164.43054,1093,76561198141272052,xiELO,1
100,CTSpawn,ct,-1896.0,-1720.0,-267.6023,1093,76561198216891576,dgt,1
100,CTSpawn,ct,-1976.0,-1656.0,-267.4583,1093,76561198067722198,luchov,1
100,CTSpawn,ct,-1800.0,-1656.0,-267.20642,1093,76561198195642865,meyern,1
100,TSpawn,t,-307.0,1216.0,-164.81482,1093,76561198036125584,Jame,1
100,TSpawn,t,32.0,1296.0,-167.96875,1094,76561198356252021,slaxejezzz,1
100,CTSpawn,ct,-1800.0,-1776.0,-263.96875,1094,76561198319723208,HUASOPEEK,1
100,TSpawn,t,32.0,1136.0,-164.78845,1094,76561198210626739,zweih,1
100,CTSpawn,ct,-1976.0,-1776.0,-263.96875,1094,76561198242950384,max,1
100,TSpawn,t,-64.0,1136.0,-164.49915,1094,76561198028292758,HObbit,1
100,TSpawn,t,-160.0,1136.0,-164.43054,1094,76561198141272052,xiELO,1
100,CTSpawn,ct,-1896.0,-1720.0,-267.6023,1094,76561198216891576,dgt,1
100,CTSpawn,ct,-1976.0,-1656.0,-267.4583,1094,76561198067722198,luchov,1
100,CTSpawn,ct,-1800.0,-1656.0,-267.20642,1094,76561198195642865,meyern,1
100,TSpawn,t,-307.0,1216.0,-164.81482,1094,76561198036125584,Jame,1
100,TSpawn,t,32.0,1296.0,-167.96875,1095,76561198356252021,slaxejezzz,1
100,CTSpawn,ct,-1800.0,-1776.0,-263.96875,1095,76561198319723208,HUASOPEEK,1
100,TSpawn,t,32.0,1136.0,-164.78845,1095,76561198210626739,zweih,1
100,CTSpawn,ct,-1976.0,-1776.0,-263.96875,1095,76561198242950384,max,1
100,TSpawn,t,-64.0,1136.0,-164.49915,1095,76561198028292758,HObbit,1
100,TSpawn,t,-160.0,1136.0,-164.43054,1095,76561198141272052,xiELO,1
100,CTSpawn,ct,-1896.0,-1720.0,-267.6023,1095,76561198216891576,dgt,1
100,CTSpawn,ct,-1976.0,-1656.0,-267.4583,1095,76561198067722198,luchov,1
100,CTSpawn,ct,-1800.0,-1656.0,-267.20642,1095,76561198195642865,meyern,1
100,TSpawn,t,-307.0,1216.0,-164.81482,1095,76561198036125584,Jame,1
100,TSpawn,t,32.0,1296.0,-167.96875,1096,76561198356252021,slaxejezzz,1
100,CTSpawn,ct,-1800.0,-1776.0,-263.96875,1096,76561198319723208,HUASOPEEK,1
100,TSpawn,t,32.0,1136.0,-164.78845,1096,76561198210626739,zweih,1
100,CTSpawn,ct,-1976.0,-1776.0,-263.96875,1096,76561198242950384,max,1
100,TSpawn,t,-64.0,1136.0,-164.49915,1096,76561198028292758,HObbit,1
100,TSpawn,t,-160.0,1136.0,-164.43054,1096,76561198141272052,xiELO,1
100,CTSpawn,ct,-1896.0,-1720.0,-267.6023,1096,76561198216891576,dgt,1
100,CTSpawn,ct,-1976.0,-1656.0,-267.4583,1096,76561198067722198,luchov,1
100,CTSpawn,ct,-1800.0,-1656.0,-267.20642,1096,76561198195642865,meyern,1
100,TSpawn,t,-307.0,1216.0,-164.81482,1096,76561198036125584,Jame,1
100,TSpawn,t,32.0,1296.0,-167.96875,1097,76561198356252021,slaxejezzz,1
100,CTSpawn,ct,-1800.0,-1776.0,-263.96875,1097,76561198319723208,HUASOPEEK,1
100,TSpawn,t,32.0,1136.0,-164.78845,1097,76561198210626739,zweih,1
100,CTSpawn,ct,-1976.0,-1776.0,-263.96875,1097,76561198242950384,max,1
100,TSpawn,t,-64.0,1136.0,-164.49915,1097,76561198028292758,HObbit,1
100,TSpawn,t,-160.0,1136.0,-164.43054,1097,76561198141272052,xiELO,1
100,CTSpawn,ct,-1896.0,-1720.0,-267.6023,1097,76561198216891576,dgt,1
100,CTSpawn,ct,-1976.0,-1656.0,-267.4583,1097,76561198067722198,luchov,1
100,CTSpawn,ct,-1800.0,-1656.0,-267.20642,1097,76561198195642865,meyern,1
100,TSpawn,t,-307.0,1216.0,-164.81482,1097,76561198036125584,Jame,1
100,TSpawn,t,32.0,1296.0,-167.96875,1098,76561198356252021,slaxejezzz,1
100,CTSpawn,ct,-1800.0,-1776.0,-263.96875,1098,76561198319723208,HUASOPEEK,1
100,TSpawn,t,32.0,1136.0,-164.78845,1098,76561198210626739,zweih,1
100,CTSpawn,ct,-1976.0,-1776.0,-263.96875,1098,76561198242950384,max,1
100,TSpawn,t,-64.0,1136.0,-164.49915,1098,76561198028292758,HObbit,1
100,TSpawn,t,-160.0,1136.0,-164.43054,1098,76561198141272052,xiELO,1
100,CTSpawn,ct,-1896.0,-1720.0,-267.6023,1098,76561198216891576,dgt,1
100,CTSpawn,ct,-1976.0,-1656.0,-267.4583,1098,76561198067722198,luchov,1
100,CTSpawn,ct,-1800.0,-1656.0,-267.20642,1098,76561198195642865,meyern,1
100,TSpawn,t,-307.0,1216.0,-164.81482,1098,76561198036125584,Jame,1
100,TSpawn,t,32.0,1296.0,-167.96875,1099,76561198356252021,slaxejezzz,1
100,CTSpawn,ct,-1800.0,-1776.0,-263.96875,1099,76561198319723208,HUASOPEEK,1
100,TSpawn,t,32.0,1136.0,-164.78845,1099,76561198210626739,zweih,1
100,CTSpawn,ct,-1976.0,-1776.0,-263.96875,1099,76561198242950384,max,1
100,TSpawn,t,-64.0,1136.0,-164.49915,1099,76561198028292758,HObbit,1
100,TSpawn,t,-160.0,1136.0,-164.43054,1099,76561198141272052,xiELO,1
100,CTSpawn,ct,-1896.0,-1720.0,-267.6023,1099,76561198216891576,dgt,1
100,CTSpawn,ct,-1976.0,-1656.0,-267.4583,1099,76561198067722198,luchov,1
100,CTSpawn,ct,-1800.0,-1656.0,-267.20642,1099,76561198195642865,meyern,1
100,TSpawn,t,-307.0,1216.0,-164.81482,1099,76561198036125584,Jame,1
100,TSpawn,t,32.0,1296.0,-167.96875,1100,76561198356252021,slaxejezzz,1
100,CTSpawn,ct,-1800.0,-1776.0,-263.96875,1100,76561198319723208,HUASOPEEK,1
100,TSpawn,t,32.0,1136.0,-164.78845,1100,76561198210626739,zweih,1
100,CTSpawn,ct,-1976.0,-1776.0,-263.96875,1100,76561198242950384,max,1
100,TSpawn,t,-64.0,1136.0,-164.49915,1100,76561198028292758,HObbit,1
100,TSpawn,t,-160.0,1136.0,-164.43054,1100,76561198141272052,xiELO,1
100,CTSpawn,ct,-1896.0,-1720.0,-267.6023,1100,76561198216891576,dgt,1
100,CTSpawn,ct,-1976.0,-1656.0,-267.4583,1100,76561198067722198,luchov,1
100,CTSpawn,ct,-1800.0,-1656.0,-267.20642,1100,76561198195642865,meyern,1
100,TSpawn,t,-307.0,1216.0,-164.81482,1100,76561198036125584,Jame,1
100,TSpawn,t,32.0,1296.0,-167.96875,1101,76561198356252021,slaxejezzz,1
100,CTSpawn,ct,-1800.0,-1776.0,-263.96875,1101,76561198319723208,HUASOPEEK,1
100,TSpawn,t,32.0,1136.0,-164.78845,1101,76561198210626739,zweih,1
100,CTSpawn,ct,-1976.0,-1776.0,-263.96875,1101,76561198242950384,max,1
100,TSpawn,t,-64.0,1136.0,-164.49915,1101,76561198028292758,HObbit,1
100,TSpawn,t,-160.0,1136.0,-164.43054,1101,76561198141272052,xiELO,1
100,CTSpawn,ct,-1896.0,-1720.0,-267.6023,1101,76561198216891576,dgt,1
100,CTSpawn,ct,-1976.0,-1656.0,-267.4583,1101,76561198067722198,luchov,1
100,CTSpawn,ct,-1800.0,-1656.0,-267.20642,1101,76561198195642865,meyern,1
100,TSpawn,t,-307.0,1216.0,-164.81482,1101,76561198036125584,Jame,1
100,TSpawn,t,32.0,1296.0,-167.96875,1102,76561198356252021,slaxejezzz,1
100,CTSpawn,ct,-1800.0,-1776.0,-263.96875,1102,76561198319723208,HUASOPEEK,1
100,TSpawn,t,32.0,1136.0,-164.78845,1102,76561198210626739,zweih,1
100,CTSpawn,ct,-1976.0,-1776.0,-263.96875,1102,76561198242950384,max,1
100,TSpawn,t,-64.0,1136.0,-164.49915,1102,76561198028292758,HObbit,1
100,TSpawn,t,-160.0,1136.0,-164.43054,1102,76561198141272052,xiELO,1
100,CTSpawn,ct,-1896.0,-1720.0,-267.6023,1102,76561198216891576,dgt,1
100,CTSpawn,ct,-1976.0,-1656.0,-267.4583,1102,76561198067722198,luchov,1
100,CTSpawn,ct,-1800.0,-1656.0,-267.20642,1102,76561198195642865,meyern,1
100,TSpawn,t,-307.0,1216.0,-164.81482,1102,76561198036125584,Jame,1
100,TSpawn,t,32.0,1296.0,-167.96875,1103,76561198356252021,slaxejezzz,1
100,CTSpawn,ct,-1800.0,-1776.0,-263.96875,1103,76561198319723208,HUASOPEEK,1
100,TSpawn,t,32.0,1136.0,-164.78845,1103,76561198210626739,zweih,1
100,CTSpawn,ct,-1976.0,-1776.0,-263.96875,1103,76561198242950384,max,1
100,TSpawn,t,-64.0,1136.0,-164.49915,1103,76561198028292758,HObbit,1
100,TSpawn,t,-160.0,1136.0,-164.43054,1103,76561198141272052,xiELO,1
100,CTSpawn,ct,-1896.0,-1720.0,-267.6023,1103,76561198216891576,dgt,1
100,CTSpawn,ct,-1976.0,-1656.0,-267.4583,1103,76561198067722198,luchov,1
100,CTSpawn,ct,-1800.0,-1656.0,-267.20642,1103,76561198195642865,meyern,1
100,TSpawn,t,-307.0,1216.0,-164.81482,1103,76561198036125584,Jame,1
100,TSpawn,t,32.0,1296.0,-167.96875,1104,76561198356252021,slaxejezzz,1
100,CTSpawn,ct,-1800.0,-1776.0,-263.96875,1104,76561198319723208,HUASOPEEK,1
100,TSpawn,t,32.0,1136.0,-164.78845,1104,76561198210626739,zweih,1
100,CTSpawn,ct,-1976.0,-1776.0,-263.96875,1104,76561198242950384,max,1
100,TSpawn,t,-64.0,1136.0,-164.49915,1104,76561198028292758,HObbit,1
100,TSpawn,t,-160.0,1136.0,-164.43054,1104,76561198141272052,xiELO,1
100,CTSpawn,ct,-1896.0,-1720.0,-267.6023,1104,76561198216891576,dgt,1
100,CTSpawn,ct,-1976.0,-1656.0,-267.4583,1104,76561198067722198,luchov,1
100,CTSpawn,ct,-1800.0,-1656.0,-267.20642,1104,76561198195642865,meyern,1
100,TSpawn,t,-307.0,1216.0,-164.81482,1104,76561198036125584,Jame,1
100,TSpawn,t,32.0,1296.0,-167.96875,1105,76561198356252021,slaxejezzz,1
100,CTSpawn,ct,-1800.0,-1776.0,-263.96875,1105,76561198319723208,HUASOPEEK,1
100,TSpawn,t,32.0,1136.0,-164.78845,1105,76561198210626739,zweih,1
100,CTSpawn,ct,-1976.0,-1776.0,-263.96875,1105,76561198242950384,max,1
100,TSpawn,t,-64.0,1136.0,-164.49915,1105,76561198028292758,HObbit,1
100,TSpawn,t,-160.0,1136.0,-164.43054,1105,76561198141272052,xiELO,1
100,CTSpawn,ct,-1896.0,-1720.0,-267.6023,1105,76561198216891576,dgt,1
100,CTSpawn,ct,-1976.0,-1656.0,-267.4583,1105,76561198067722198,luchov,1
100,CTSpawn,ct,-1800.0,-1656.0,-267.20642,1105,76561198195642865,meyern,1
100,TSpawn,t,-307.0,1216.0,-164.81482,1105,76561198036125584,Jame,1
100,TSpawn,t,32.0,1296.0,-167.96875,1106,76561198356252021,slaxejezzz,1
100,CTSpawn,ct,-1800.0,-1776.0,-263.96875,1106,76561198319723208,HUASOPEEK,1
100,TSpawn,t,32.0,1136.0,-164.78845,1106,76561198210626739,zweih,1
100,CTSpawn,ct,-1976.0,-1776.0,-263.96875,1106,76561198242950384,max,1
100,TSpawn,t,-64.0,1136.0,-164.49915,1106,76561198028292758,HObbit,1
100,TSpawn,t,-160.0,1136.0,-164.43054,1106,76561198141272052,xiELO,1
100,CTSpawn,ct,-1896.0,-1720.0,-267.6023,1106,76561198216891576,dgt,1
100,CTSpawn,ct,-1976.0,-1656.0,-267.4583,1106,76561198067722198,luchov,1
100,CTSpawn,ct,-1800.0,-1656.0,-267.20642,1106,76561198195642865,meyern,1
100,TSpawn,t,-307.0,1216.0,-164.81482,1106,76561198036125584,Jame,1
100,TSpawn,t,32.0,1296.0,-167.96875,1107,76561198356252021,slaxejezzz,1
100,CTSpawn,ct,-1800.0,-1776.0,-263.96875,1107,76561198319723208,HUASOPEEK,1
100,TSpawn,t,32.0,1136.0,-164.78845,1107,76561198210626739,zweih,1
100,CTSpawn,ct,-1976.0,-1776.0,-263.96875,1107,76561198242950384,max,1
100,TSpawn,t,-64.0,1136.0,-164.49915,1107,76561198028292758,HObbit,1
100,TSpawn,t,-160.0,1136.0,-164.43054,1107,76561198141272052,xiELO,1
100,CTSpawn,ct,-1896.0,-1720.0,-267.6023,1107,76561198216891576,dgt,1
100,CTSpawn,ct,-1976.0,-1656.0,-267.4583,1107,76561198067722198,luchov,1
100,CTSpawn,ct,-1800.0,-1656.0,-267.20642,1107,76561198195642865,meyern,1
100,TSpawn,t,-307.0,1216.0,-164.81482,1107,76561198036125584,Jame,1
100,TSpawn,t,32.0,1296.0,-167.96875,1108,76561198356252021,slaxejezzz,1
100,CTSpawn,ct,-1800.0,-1776.0,-263.96875,1108,76561198319723208,HUASOPEEK,1
100,TSpawn,t,32.0,1136.0,-164.78845,1108,76561198210626739,zweih,1
100,CTSpawn,ct,-1976.0,-1776.0,-263.96875,1108,76561198242950384,max,1
100,TSpawn,t,-64.0,1136.0,-164.49915,1108,76561198028292758,HObbit,1
100,TSpawn,t,-160.0,1136.0,-164.43054,1108,76561198141272052,xiELO,1
100,CTSpawn,ct,-1896.0,-1720.0,-267.6023,1108,76561198216891576,dgt,1
100,CTSpawn,ct,-1976.0,-1656.0,-267.4583,1108,76561198067722198,luchov,1
100,CTSpawn,ct,-1800.0,-1656.0,-267.20642,1108,76561198195642865,meyern,1
100,TSpawn,t,-307.0,1216.0,-164.81482,1108,76561198036125584,Jame,1
100,TSpawn,t,32.0,1296.0,-167.96875,1109,76561198356252021,slaxejezzz,1
100,CTSpawn,ct,-1800.0,-1776.0,-263.96875,1109,76561198319723208,HUASOPEEK,1
100,TSpawn,t,32.0,1136.0,-164.78845,1109,76561198210626739,zweih,1
100,CTSpawn,ct,-1976.0,-1776.0,-263.96875,1109,76561198242950384,max,1
100,TSpawn,t,-64.0,1136.0,-164.49915,1109,76561198028292758,HObbit,1
100,TSpawn,t,-160.0,1136.0,-164.43054,1109,76561198141272052,xiELO,1
100,CTSpawn,ct,-1896.0,-1720.0,-267.6023,1109,76561198216891576,dgt,1
100,CTSpawn,ct,-1976.0,-1656.0,-267.4583,1109,76561198067722198,luchov,1
100,CTSpawn,ct,-1800.0,-1656.0,-267.20642,1109,76561198195642865,meyern,1
100,TSpawn,t,-307.0,1216.0,-164.81482,1109,76561198036125584,Jame,1
100,TSpawn,t,32.0,1296.0,-167.96875,1110,76561198356252021,slaxejezzz,1
100,CTSpawn,ct,-1800.0,-1776.0,-263.96875,1110,76561198319723208,HUASOPEEK,1
100,TSpawn,t,32.0,1136.0,-164.78845,1110,76561198210626739,zweih,1
100,CTSpawn,ct,-1976.0,-1776.0,-263.96875,1110,76561198242950384,max,1
100,TSpawn,t,-64.0,1136.0,-164.49915,1110,76561198028292758,HObbit,1
100,TSpawn,t,-160.0,1136.0,-164.43054,1110,76561198141272052,xiELO,1
100,CTSpawn,ct,-1896.0,-1720.0,-267.6023,1110,76561198216891576,dgt,1
100,CTSpawn,ct,-1976.0,-1656.0,-267.4583,1110,76561198067722198,luchov,1
100,CTSpawn,ct,-1800.0,-1656.0,-267.20642,1110,76561198195642865,meyern,1
100,TSpawn,t,-307.0,1216.0,-164.81482,1110,76561198036125584,Jame,1
100,TSpawn,t,32.0,1296.0,-167.96875,1111,76561198356252021,slaxejezzz,1
100,CTSpawn,ct,-1800.0,-1776.0,-263.96875,1111,76561198319723208,HUASOPEEK,1
100,TSpawn,t,32.0,1136.0,-164.78845,1111,76561198210626739,zweih,1
100,CTSpawn,ct,-1976.0,-1776.0,-263.96875,1111,76561198242950384,max,1
100,TSpawn,t,-64.0,1136.0,-164.49915,1111,76561198028292758,HObbit,1
100,TSpawn,t,-160.0,1136.0,-164.43054,1111,76561198141272052,xiELO,1
100,CTSpawn,ct,-1896.0,-1720.0,-267.6023,1111,76561198216891576,dgt,1
100,CTSpawn,ct,-1976.0,-1656.0,-267.4583,1111,76561198067722198,luchov,1
100,CTSpawn,ct,-1800.0,-1656.0,-267.20642,1111,76561198195642865,meyern,1
100,TSpawn,t,-307.0,1216.0,-164.81482,1111,76561198036125584,Jame,1
100,TSpawn,t,32.0,1296.0,-167.96875,1112,76561198356252021,slaxejezzz,1
100,CTSpawn,ct,-1800.0,-1776.0,-263.96875,1112,76561198319723208,HUASOPEEK,1
100,TSpawn,t,32.0,1136.0,-164.78845,1112,76561198210626739,zweih,1
100,CTSpawn,ct,-1976.0,-1776.0,-263.96875,1112,76561198242950384,max,1
100,TSpawn,t,-64.0,1136.0,-164.49915,1112,76561198028292758,HObbit,1
100,TSpawn,t,-160.0,1136.0,-164.43054,1112,76561198141272052,xiELO,1
100,CTSpawn,ct,-1896.0,-1720.0,-267.6023,1112,76561198216891576,dgt,1
100,CTSpawn,ct,-1976.0,-1656.0,-267.4583,1112,76561198067722198,luchov,1
100,CTSpawn,ct,-1800.0,-1656.0,-267.20642,1112,76561198195642865,meyern,1
100,TSpawn,t,-307.0,1216.0,-164.81482,1112,76561198036125584,Jame,1
100,TSpawn,t,32.0,1296.0,-167.96875,1113,76561198356252021,slaxejezzz,1
100,CTSpawn,ct,-1800.0,-1776.0,-263.96875,1113,76561198319723208,HUASOPEEK,1
100,TSpawn,t,32.0,1136.0,-164.78845,1113,76561198210626739,zweih,1
100,CTSpawn,ct,-1976.0,-1776.0,-263.96875,1113,76561198242950384,max,1
100,TSpawn,t,-64.0,1136.0,-164.49915,1113,76561198028292758,HObbit,1
100,TSpawn,t,-160.0,1136.0,-164.43054,1113,76561198141272052,xiELO,1
100,CTSpawn,ct,-1896.0,-1720.0,-267.6023,1113,76561198216891576,dgt,1
100,CTSpawn,ct,-1976.0,-1656.0,-267.4583,1113,76561198067722198,luchov,1
100,CTSpawn,ct,-1800.0,-1656.0,-267.20642,1113,76561198195642865,meyern,1
100,TSpawn,t,-307.0,1216.0,-164.81482,1113,76561198036125584,Jame,1
100,TSpawn,t,32.0,1296.0,-167.96875,1114,76561198356252021,slaxejezzz,1
100,CTSpawn,ct,-1800.0,-1776.0,-263.96875,1114,76561198319723208,HUASOPEEK,1
100,TSpawn,t,32.0,1136.0,-164.78845,1114,76561198210626739,zweih,1
100,CTSpawn,ct,-1976.0,-1776.0,-263.96875,1114,76561198242950384,max,1
100,TSpawn,t,-64.0,1136.0,-164.49915,1114,76561198028292758,HObbit,1
100,TSpawn,t,-160.0,1136.0,-164.43054,1114,76561198141272052,xiELO,1
100,CTSpawn,ct,-1896.0,-1720.0,-267.6023,1114,76561198216891576,dgt,1
100,CTSpawn,ct,-1976.0,-1656.0,-267.4583,1114,76561198067722198,luchov,1
100,CTSpawn,ct,-1800.0,-1656.0,-267.20642,1114,76561198195642865,meyern,1
100,TSpawn,t,-307.0,1216.0,-164.81482,1114,76561198036125584,Jame,1
100,TSpawn,t,32.0,1296.0,-167.96875,1115,76561198356252021,slaxejezzz,1
100,CTSpawn,ct,-1800.0,-1776.0,-263.96875,1115,76561198319723208,HUASOPEEK,1
100,TSpawn,t,32.0,1136.0,-164.78845,1115,76561198210626739,zweih,1
100,CTSpawn,ct,-1976.0,-1776.0,-263.96875,1115,76561198242950384,max,1
100,TSpawn,t,-64.0,1136.0,-164.49915,1115,76561198028292758,HObbit,1
100,TSpawn,t,-160.0,1136.0,-164.43054,1115,76561198141272052,xiELO,1
100,CTSpawn,ct,-1896.0,-1720.0,-267.6023,1115,76561198216891576,dgt,1
100,CTSpawn,ct,-1976.0,-1656.0,-267.4583,1115,76561198067722198,luchov,1
100,CTSpawn,ct,-1800.0,-1656.0,-267.20642,1115,76561198195642865,meyern,1
100,TSpawn,t,-307.0,1216.0,-164.81482,1115,76561198036125584,Jame,1
100,TSpawn,t,32.0,1296.0,-167.96875,1116,76561198356252021,slaxejezzz,1
100,CTSpawn,ct,-1800.0,-1776.0,-263.96875,1116,76561198319723208,HUASOPEEK,1
100,TSpawn,t,32.0,1136.0,-164.78845,1116,76561198210626739,zweih,1
100,CTSpawn,ct,-1976.0,-1776.0,-263.96875,1116,76561198242950384,max,1
100,TSpawn,t,-64.0,1136.0,-164.49915,1116,76561198028292758,HObbit,1
100,TSpawn,t,-160.0,1136.0,-164.43054,1116,76561198141272052,xiELO,1
100,CTSpawn,ct,-1896.0,-1720.0,-267.6023,1116,76561198216891576,dgt,1
100,CTSpawn,ct,-1976.0,-1656.0,-267.4583,1116,76561198067722198,luchov,1
100,CTSpawn,ct,-1800.0,-1656.0,-267.20642,1116,76561198195642865,meyern,1
100,TSpawn,t,-307.0,1216.0,-164.81482,1116,76561198036125584,Jame,1
100,TSpawn,t,32.0,1296.0,-167.96875,1117,76561198356252021,slaxejezzz,1
100,CTSpawn,ct,-1800.0,-1776.0,-263.96875,1117,76561198319723208,HUASOPEEK,1
100,TSpawn,t,32.0,1136.0,-164.78845,1117,76561198210626739,zweih,1
100,CTSpawn,ct,-1976.0,-1776.0,-263.96875,1117,76561198242950384,max,1
100,TSpawn,t,-64.0,1136.0,-164.49915,1117,76561198028292758,HObbit,1
100,TSpawn,t,-160.0,1136.0,-164.43054,1117,76561198141272052,xiELO,1
100,CTSpawn,ct,-1896.0,-1720.0,-267.6023,1117,76561198216891576,dgt,1
100,CTSpawn,ct,-1976.0,-1656.0,-267.4583,1117,76561198067722198,luchov,1
100,CTSpawn,ct,-1800.0,-1656.0,-267.20642,1117,76561198195642865,meyern,1
100,TSpawn,t,-307.0,1216.0,-164.81482,1117,76561198036125584,Jame,1
100,TSpawn,t,32.0,1296.0,-167.96875,1118,76561198356252021,slaxejezzz,1
100,CTSpawn,ct,-1800.0,-1776.0,-263.96875,1118,76561198319723208,HUASOPEEK,1
100,TSpawn,t,32.0,1136.0,-164.78845,1118,76561198210626739,zweih,1
100,CTSpawn,ct,-1976.0,-1776.0,-263.96875,1118,76561198242950384,max,1
100,TSpawn,t,-64.0,1136.0,-164.49915,1118,76561198028292758,HObbit,1
100,TSpawn,t,-160.0,1136.0,-164.43054,1118,76561198141272052,xiELO,1
100,CTSpawn,ct,-1896.0,-1720.0,-267.6023,1118,76561198216891576,dgt,1
100,CTSpawn,ct,-1976.0,-1656.0,-267.4583,1118,76561198067722198,luchov,1
100,CTSpawn,ct,-1800.0,-1656.0,-267.20642,1118,76561198195642865,meyern,1
100,TSpawn,t,-307.0,1216.0,-164.81482,1118,76561198036125584,Jame,1
100,TSpawn,t,32.0,1296.0,-167.96875,1119,76561198356252021,slaxejezzz,1
100,CTSpawn,ct,-1800.0,-1776.0,-263.96875,1119,76561198319723208,HUASOPEEK,1
100,TSpawn,t,32.0,1136.0,-164.78845,1119,76561198210626739,zweih,1
100,CTSpawn,ct,-1976.0,-1776.0,-263.96875,1119,76561198242950384,max,1
100,TSpawn,t,-64.0,1136.0,-164.49915,1119,76561198028292758,HObbit,1
100,TSpawn,t,-160.0,1136.0,-164.43054,1119,76561198141272052,xiELO,1
100,CTSpawn,ct,-1896.0,-1720.0,-267.6023,1119,76561198216891576,dgt,1
100,CTSpawn,ct,-1976.0,-1656.0,-267.4583,1119,76561198067722198,luchov,1
100,CTSpawn,ct,-1800.0,-1656.0,-267.20642,1119,76561198195642865,meyern,1
100,TSpawn,t,-307.0,1216.0,-164.81482,1119,76561198036125584,Jame,1
100,TSpawn,t,32.0,1296.0,-167.96875,1120,76561198356252021,slaxejezzz,1
100,CTSpawn,ct,-1800.0,-1776.0,-263.96875,1120,76561198319723208,HUASOPEEK,1
100,TSpawn,t,32.0,1136.0,-164.78845,1120,76561198210626739,zweih,1
100,CTSpawn,ct,-1976.0,-1776.0,-263.96875,1120,76561198242950384,max,1
100,TSpawn,t,-64.0,1136.0,-164.49915,1120,76561198028292758,HObbit,1
100,TSpawn,t,-160.0,1136.0,-164.43054,1120,76561198141272052,xiELO,1
100,CTSpawn,ct,-1896.0,-1720.0,-267.6023,1120,76561198216891576,dgt,1
100,CTSpawn,ct,-1976.0,-1656.0,-267.4583,1120,76561198067722198,luchov,1
100,CTSpawn,ct,-1800.0,-1656.0,-267.20642,1120,76561198195642865,meyern,1
100,TSpawn,t,-307.0,1216.0,-164.81482,1120,76561198036125584,Jame,1
100,TSpawn,t,32.0,1296.0,-167.96875,1121,76561198356252021,slaxejezzz,1
100,CTSpawn,ct,-1800.0,-1776.0,-263.96875,1121,76561198319723208,HUASOPEEK,1
100,TSpawn,t,32.0,1136.0,-164.78845,1121,76561198210626739,zweih,1
100,CTSpawn,ct,-1976.0,-1776.0,-263.96875,1121,76561198242950384,max,1
100,TSpawn,t,-64.0,1136.0,-164.49915,1121,76561198028292758,HObbit,1
100,TSpawn,t,-160.0,1136.0,-164.43054,1121,76561198141272052,xiELO,1
100,CTSpawn,ct,-1896.0,-1720.0,-267.6023,1121,76561198216891576,dgt,1
100,CTSpawn,ct,-1976.0,-1656.0,-267.4583,1121,76561198067722198,luchov,1
100,CTSpawn,ct,-1800.0,-1656.0,-267.20642,1121,76561198195642865,meyern,1
100,TSpawn,t,-307.0,1216.0,-164.81482,1121,76561198036125584,Jame,1
100,TSpawn,t,32.0,1296.0,-167.96875,1122,76561198356252021,slaxejezzz,1
100,CTSpawn,ct,-1800.0,-1776.0,-263.96875,1122,76561198319723208,HUASOPEEK,1
100,TSpawn,t,32.0,1136.0,-164.78845,1122,76561198210626739,zweih,1
100,CTSpawn,ct,-1976.0,-1776.0,-263.96875,1122,76561198242950384,max,1
100,TSpawn,t,-64.0,1136.0,-164.49915,1122,76561198028292758,HObbit,1
100,TSpawn,t,-160.0,1136.0,-164.43054,1122,76561198141272052,xiELO,1
100,CTSpawn,ct,-1896.0,-1720.0,-267.6023,1122,76561198216891576,dgt,1
100,CTSpawn,ct,-1976.0,-1656.0,-267.4583,1122,76561198067722198,luchov,1
100,CTSpawn,ct,-1800.0,-1656.0,-267.20642,1122,76561198195642865,meyern,1
100,TSpawn,t,-307.0,1216.0,-164.81482,1122,76561198036125584,Jame,1
100,TSpawn,t,32.0,1296.0,-167.96875,1123,76561198356252021,slaxejezzz,1
100,CTSpawn,ct,-1800.0,-1776.0,-263.96875,1123,76561198319723208,HUASOPEEK,1
100,TSpawn,t,32.0,1136.0,-164.78845,1123,76561198210626739,zweih,1
100,CTSpawn,ct,-1976.0,-1776.0,-263.96875,1123,76561198242950384,max,1
100,TSpawn,t,-64.0,1136.0,-164.49915,1123,76561198028292758,HObbit,1
100,TSpawn,t,-160.0,1136.0,-164.43054,1123,76561198141272052,xiELO,1
100,CTSpawn,ct,-1896.0,-1720.0,-267.6023,1123,76561198216891576,dgt,1
100,CTSpawn,ct,-1976.0,-1656.0,-267.4583,1123,76561198067722198,luchov,1
100,CTSpawn,ct,-1800.0,-1656.0,-267.20642,1123,76561198195642865,meyern,1
100,TSpawn,t,-307.0,1216.0,-164.81482,1123,76561198036125584,Jame,1
100,TSpawn,t,32.0,1296.0,-167.96875,1124,76561198356252021,slaxejezzz,1
100,CTSpawn,ct,-1800.0,-1776.0,-263.96875,1124,76561198319723208,HUASOPEEK,1
100,TSpawn,t,32.0,1136.0,-164.78845,1124,76561198210626739,zweih,1
100,CTSpawn,ct,-1976.0,-1776.0,-263.96875,1124,76561198242950384,max,1
100,TSpawn,t,-64.0,1136.0,-164.49915,1124,76561198028292758,HObbit,1
100,TSpawn,t,-160.0,1136.0,-164.43054,1124,76561198141272052,xiELO,1
100,CTSpawn,ct,-1896.0,-1720.0,-267.6023,1124,76561198216891576,dgt,1
100,CTSpawn,ct,-1976.0,-1656.0,-267.4583,1124,76561198067722198,luchov,1
100,CTSpawn,ct,-1800.0,-1656.0,-267.20642,1124,76561198195642865,meyern,1
100,TSpawn,t,-307.0,1216.0,-164.81482,1124,76561198036125584,Jame,1
100,TSpawn,t,32.0,1296.0,-167.96875,1125,76561198356252021,slaxejezzz,1
100,CTSpawn,ct,-1800.0,-1776.0,-263.96875,1125,76561198319723208,HUASOPEEK,1
100,TSpawn,t,32.0,1136.0,-164.78845,1125,76561198210626739,zweih,1
100,CTSpawn,ct,-1976.0,-1776.0,-263.96875,1125,76561198242950384,max,1
100,TSpawn,t,-64.0,1136.0,-164.49915,1125,76561198028292758,HObbit,1
100,TSpawn,t,-160.0,1136.0,-164.43054,1125,76561198141272052,xiELO,1
100,CTSpawn,ct,-1896.0,-1720.0,-267.6023,1125,76561198216891576,dgt,1
100,CTSpawn,ct,-1976.0,-1656.0,-267.4583,1125,76561198067722198,luchov,1
100,CTSpawn,ct,-1800.0,-1656.0,-267.20642,1125,76561198195642865,meyern,1
100,TSpawn,t,-307.0,1216.0,-164.81482,1125,76561198036125584,Jame,1
100,TSpawn,t,32.0,1296.0,-167.96875,1126,76561198356252021,slaxejezzz,1
100,CTSpawn,ct,-1800.0,-1776.0,-263.96875,1126,76561198319723208,HUASOPEEK,1
100,TSpawn,t,32.0,1136.0,-164.78845,1126,76561198210626739,zweih,1
100,CTSpawn,ct,-1976.0,-1776.0,-263.96875,1126,76561198242950384,max,1
100,TSpawn,t,-64.0,1136.0,-164.49915,1126,76561198028292758,HObbit,1
100,TSpawn,t,-160.0,1136.0,-164.43054,1126,76561198141272052,xiELO,1
100,CTSpawn,ct,-1896.0,-1720.0,-267.6023,1126,76561198216891576,dgt,1
100,CTSpawn,ct,-1976.0,-1656.0,-267.4583,1126,76561198067722198,luchov,1
100,CTSpawn,ct,-1800.0,-1656.0,-267.20642,1126,76561198195642865,meyern,1
100,TSpawn,t,-307.0,1216.0,-164.81482,1126,76561198036125584,Jame,1
100,TSpawn,t,32.0,1296.0,-167.96875,1127,76561198356252021,slaxejezzz,1
100,CTSpawn,ct,-1800.0,-1776.0,-263.96875,1127,76561198319723208,HUASOPEEK,1
100,TSpawn,t,32.0,1136.0,-164.78845,1127,76561198210626739,zweih,1
100,CTSpawn,ct,-1976.0,-1776.0,-263.96875,1127,76561198242950384,max,1
100,TSpawn,t,-64.0,1136.0,-164.49915,1127,76561198028292758,HObbit,1
100,TSpawn,t,-160.0,1136.0,-164.43054,1127,76561198141272052,xiELO,1
100,CTSpawn,ct,-1896.0,-1720.0,-267.6023,1127,76561198216891576,dgt,1
100,CTSpawn,ct,-1976.0,-1656.0,-267.4583,1127,76561198067722198,luchov,1
100,CTSpawn,ct,-1800.0,-1656.0,-267.20642,1127,76561198195642865,meyern,1
100,TSpawn,t,-307.0,1216.0,-164.81482,1127,76561198036125584,Jame,1
100,TSpawn,t,32.0,1296.0,-167.96875,1128,76561198356252021,slaxejezzz,1
100,CTSpawn,ct,-1800.0,-1776.0,-263.96875,1128,76561198319723208,HUASOPEEK,1
100,TSpawn,t,32.0,1136.0,-164.78845,1128,76561198210626739,zweih,1
100,CTSpawn,ct,-1976.0,-1776.0,-263.96875,1128,76561198242950384,max,1
100,TSpawn,t,-64.0,1136.0,-164.49915,1128,76561198028292758,HObbit,1
100,TSpawn,t,-160.0,1136.0,-164.43054,1128,76561198141272052,xiELO,1
100,CTSpawn,ct,-1896.0,-1720.0,-267.6023,1128,76561198216891576,dgt,1
100,CTSpawn,ct,-1976.0,-1656.0,-267.4583,1128,76561198067722198,luchov,1
100,CTSpawn,ct,-1800.0,-1656.0,-267.20642,1128,76561198195642865,meyern,1
100,TSpawn,t,-307.0,1216.0,-164.81482,1128,76561198036125584,Jame,1
100,TSpawn,t,32.0,1296.0,-167.96875,1129,76561198356252021,slaxejezzz,1
100,CTSpawn,ct,-1800.0,-1776.0,-263.96875,1129,76561198319723208,HUASOPEEK,1
100,TSpawn,t,32.0,1136.0,-164.78845,1129,76561198210626739,zweih,1
100,CTSpawn,ct,-1976.0,-1776.0,-263.96875,1129,76561198242950384,max,1
100,TSpawn,t,-64.0,1136.0,-164.49915,1129,76561198028292758,HObbit,1
100,TSpawn,t,-160.0,1136.0,-164.43054,1129,76561198141272052,xiELO,1
100,CTSpawn,ct,-1896.0,-1720.0,-267.6023,1129,76561198216891576,dgt,1
100,CTSpawn,ct,-1976.0,-1656.0,-267.4583,1129,76561198067722198,luchov,1
100,CTSpawn,ct,-1800.0,-1656.0,-267.20642,1129,76561198195642865,meyern,1
100,TSpawn,t,-307.0,1216.0,-164.81482,1129,76561198036125584,Jame,1
100,TSpawn,t,32.0,1296.0,-167.96875,1130,76561198356252021,slaxejezzz,1
100,CTSpawn,ct,-1800.0,-1776.0,-263.96875,1130,76561198319723208,HUASOPEEK,1
100,TSpawn,t,32.0,1136.0,-164.78845,1130,76561198210626739,zweih,1
100,CTSpawn,ct,-1976.0,-1776.0,-263.96875,1130,76561198242950384,max,1
100,TSpawn,t,-64.0,1136.0,-164.49915,1130,76561198028292758,HObbit,1
100,TSpawn,t,-160.0,1136.0,-164.43054,1130,76561198141272052,xiELO,1
100,CTSpawn,ct,-1896.0,-1720.0,-267.6023,1130,76561198216891576,dgt,1
100,CTSpawn,ct,-1976.0,-1656.0,-267.4583,1130,76561198067722198,luchov,1
100,CTSpawn,ct,-1800.0,-1656.0,-267.20642,1130,76561198195642865,meyern,1
100,TSpawn,t,-307.0,1216.0,-164.81482,1130,76561198036125584,Jame,1
100,TSpawn,t,32.0,1296.0,-167.96875,1131,76561198356252021,slaxejezzz,1
100,CTSpawn,ct,-1800.0,-1776.0,-263.96875,1131,76561198319723208,HUASOPEEK,1
100,TSpawn,t,32.0,1136.0,-164.78845,1131,76561198210626739,zweih,1
100,CTSpawn,ct,-1976.0,-1776.0,-263.96875,1131,76561198242950384,max,1
100,TSpawn,t,-64.0,1136.0,-164.49915,1131,76561198028292758,HObbit,1
100,TSpawn,t,-160.0,1136.0,-164.43054,1131,76561198141272052,xiELO,1
100,CTSpawn,ct,-1896.0,-1720.0,-267.6023,1131,76561198216891576,dgt,1
100,CTSpawn,ct,-1976.0,-1656.0,-267.4583,1131,76561198067722198,luchov,1
100,CTSpawn,ct,-1800.0,-1656.0,-267.20642,1131,76561198195642865,meyern,1
100,TSpawn,t,-307.0,1216.0,-164.81482,1131,76561198036125584,Jame,1
100,TSpawn,t,32.0,1296.0,-167.96875,1132,76561198356252021,slaxejezzz,1
100,CTSpawn,ct,-1800.0,-1776.0,-263.96875,1132,76561198319723208,HUASOPEEK,1
100,TSpawn,t,32.0,1136.0,-164.78845,1132,76561198210626739,zweih,1
100,CTSpawn,ct,-1976.0,-1776.0,-263.96875,1132,76561198242950384,max,1
100,TSpawn,t,-64.0,1136.0,-164.49915,1132,76561198028292758,HObbit,1
100,TSpawn,t,-160.0,1136.0,-164.43054,1132,76561198141272052,xiELO,1
100,CTSpawn,ct,-1896.0,-1720.0,-267.6023,1132,76561198216891576,dgt,1
100,CTSpawn,ct,-1976.0,-1656.0,-267.4583,1132,76561198067722198,luchov,1
100,CTSpawn,ct,-1800.0,-1656.0,-267.20642,1132,76561198195642865,meyern,1
100,TSpawn,t,-307.0,1216.0,-164.81482,1132,76561198036125584,Jame,1
100,TSpawn,t,32.0,1296.0,-167.96875,1133,76561198356252021,slaxejezzz,1
100,CTSpawn,ct,-1800.0,-1776.0,-263.96875,1133,76561198319723208,HUASOPEEK,1
100,TSpawn,t,32.0,1136.0,-164.78845,1133,76561198210626739,zweih,1
100,CTSpawn,ct,-1976.0,-1776.0,-263.96875,1133,76561198242950384,max,1
100,TSpawn,t,-64.0,1136.0,-164.49915,1133,76561198028292758,HObbit,1
100,TSpawn,t,-160.0,1136.0,-164.43054,1133,76561198141272052,xiELO,1
100,CTSpawn,ct,-1896.0,-1720.0,-267.6023,1133,76561198216891576,dgt,1
100,CTSpawn,ct,-1976.0,-1656.0,-267.4583,1133,76561198067722198,luchov,1
100,CTSpawn,ct,-1800.0,-1656.0,-267.20642,1133,76561198195642865,meyern,1
100,TSpawn,t,-307.0,1216.0,-164.81482,1133,76561198036125584,Jame,1
100,TSpawn,t,32.0,1296.0,-167.96875,1134,76561198356252021,slaxejezzz,1
100,CTSpawn,ct,-1800.0,-1776.0,-263.96875,1134,76561198319723208,HUASOPEEK,1
100,TSpawn,t,32.0,1136.0,-164.78845,1134,76561198210626739,zweih,1
100,CTSpawn,ct,-1976.0,-1776.0,-263.96875,1134,76561198242950384,max,1
100,TSpawn,t,-64.0,1136.0,-164.49915,1134,76561198028292758,HObbit,1
100,TSpawn,t,-160.0,1136.0,-164.43054,1134,76561198141272052,xiELO,1
100,CTSpawn,ct,-1896.0,-1720.0,-267.6023,1134,76561198216891576,dgt,1
100,CTSpawn,ct,-1976.0,-1656.0,-267.4583,1134,76561198067722198,luchov,1
100,CTSpawn,ct,-1800.0,-1656.0,-267.20642,1134,76561198195642865,meyern,1
100,TSpawn,t,-307.0,1216.0,-164.81482,1134,76561198036125584,Jame,1
100,TSpawn,t,32.0,1296.0,-167.96875,1135,76561198356252021,slaxejezzz,1
100,CTSpawn,ct,-1800.0,-1776.0,-263.96875,1135,76561198319723208,HUASOPEEK,1
100,TSpawn,t,32.0,1136.0,-164.78845,1135,76561198210626739,zweih,1
100,CTSpawn,ct,-1976.0,-1776.0,-263.96875,1135,76561198242950384,max,1
100,TSpawn,t,-64.0,1136.0,-164.49915,1135,76561198028292758,HObbit,1
100,TSpawn,t,-160.0,1136.0,-164.43054,1135,76561198141272052,xiELO,1
100,CTSpawn,ct,-1896.0,-1720.0,-267.6023,1135,76561198216891576,dgt,1
100,CTSpawn,ct,-1976.0,-1656.0,-267.4583,1135,76561198067722198,luchov,1
100,CTSpawn,ct,-1800.0,-1656.0,-267.20642,1135,76561198195642865,meyern,1
100,TSpawn,t,-307.0,1216.0,-164.81482,1135,76561198036125584,Jame,1
100,TSpawn,t,32.0,1296.0,-167.96875,1136,76561198356252021,slaxejezzz,1
100,CTSpawn,ct,-1800.0,-1776.0,-263.96875,1136,76561198319723208,HUASOPEEK,1
100,TSpawn,t,32.0,1136.0,-164.78845,1136,76561198210626739,zweih,1
100,CTSpawn,ct,-1976.0,-1776.0,-263.96875,1136,76561198242950384,max,1
100,TSpawn,t,-64.0,1136.0,-164.49915,1136,76561198028292758,HObbit,1
100,TSpawn,t,-160.0,1136.0,-164.43054,1136,76561198141272052,xiELO,1
100,CTSpawn,ct,-1896.0,-1720.0,-267.6023,1136,76561198216891576,dgt,1
100,CTSpawn,ct,-1976.0,-1656.0,-267.4583,1136,76561198067722198,luchov,1
100,CTSpawn,ct,-1800.0,-1656.0,-267.20642,1136,76561198195642865,meyern,1
100,TSpawn,t,-307.0,1216.0,-164.81482,1136,76561198036125584,Jame,1
100,TSpawn,t,32.0,1296.0,-167.96875,1137,76561198356252021,slaxejezzz,1
100,CTSpawn,ct,-1800.0,-1776.0,-263.96875,1137,76561198319723208,HUASOPEEK,1
100,TSpawn,t,32.0,1136.0,-164.78845,1137,76561198210626739,zweih,1
100,CTSpawn,ct,-1976.0,-1776.0,-263.96875,1137,76561198242950384,max,1
100,TSpawn,t,-64.0,1136.0,-164.49915,1137,76561198028292758,HObbit,1
100,TSpawn,t,-160.0,1136.0,-164.43054,1137,76561198141272052,xiELO,1
100,CTSpawn,ct,-1896.0,-1720.0,-267.6023,1137,76561198216891576,dgt,1
100,CTSpawn,ct,-1976.0,-1656.0,-267.4583,1137,76561198067722198,luchov,1
100,CTSpawn,ct,-1800.0,-1656.0,-267.20642,1137,76561198195642865,meyern,1
100,TSpawn,t,-307.0,1216.0,-164.81482,1137,76561198036125584,Jame,1
100,TSpawn,t,32.0,1296.0,-167.96875,1138,76561198356252021,slaxejezzz,1
100,CTSpawn,ct,-1800.0,-1776.0,-263.96875,1138,76561198319723208,HUASOPEEK,1
100,TSpawn,t,32.0,1136.0,-164.78845,1138,76561198210626739,zweih,1
100,CTSpawn,ct,-1976.0,-1776.0,-263.96875,1138,76561198242950384,max,1
100,TSpawn,t,-64.0,1136.0,-164.49915,1138,76561198028292758,HObbit,1
100,TSpawn,t,-160.0,1136.0,-164.43054,1138,76561198141272052,xiELO,1
100,CTSpawn,ct,-1896.0,-1720.0,-267.6023,1138,76561198216891576,dgt,1
100,CTSpawn,ct,-1976.0,-1656.0,-267.4583,1138,76561198067722198,luchov,1
100,CTSpawn,ct,-1800.0,-1656.0,-267.20642,1138,76561198195642865,meyern,1
100,TSpawn,t,-307.0,1216.0,-164.81482,1138,76561198036125584,Jame,1
100,TSpawn,t,32.0,1296.0,-167.96875,1139,76561198356252021,slaxejezzz,1
100,CTSpawn,ct,-1800.0,-1776.0,-263.96875,1139,76561198319723208,HUASOPEEK,1
100,TSpawn,t,32.0,1136.0,-164.78845,1139,76561198210626739,zweih,1
100,CTSpawn,ct,-1976.0,-1776.0,-263.96875,1139,76561198242950384,max,1
100,TSpawn,t,-64.0,1136.0,-164.49915,1139,76561198028292758,HObbit,1
100,TSpawn,t,-160.0,1136.0,-164.43054,1139,76561198141272052,xiELO,1
100,CTSpawn,ct,-1896.0,-1720.0,-267.6023,1139,76561198216891576,dgt,1
100,CTSpawn,ct,-1976.0,-1656.0,-267.4583,1139,76561198067722198,luchov,1
100,CTSpawn,ct,-1800.0,-1656.0,-267.20642,1139,76561198195642865,meyern,1
100,TSpawn,t,-307.0,1216.0,-164.81482,1139,76561198036125584,Jame,1
100,TSpawn,t,32.0,1296.0,-167.96875,1140,76561198356252021,slaxejezzz,1
100,CTSpawn,ct,-1800.0,-1776.0,-263.96875,1140,76561198319723208,HUASOPEEK,1
100,TSpawn,t,32.0,1136.0,-164.78845,1140,76561198210626739,zweih,1
100,CTSpawn,ct,-1976.0,-1776.0,-263.96875,1140,76561198242950384,max,1
100,TSpawn,t,-64.0,1136.0,-164.49915,1140,76561198028292758,HObbit,1
100,TSpawn,t,-160.0,1136.0,-164.43054,1140,76561198141272052,xiELO,1
100,CTSpawn,ct,-1896.0,-1720.0,-267.6023,1140,76561198216891576,dgt,1
100,CTSpawn,ct,-1976.0,-1656.0,-267.4583,1140,76561198067722198,luchov,1
100,CTSpawn,ct,-1800.0,-1656.0,-267.20642,1140,76561198195642865,meyern,1
100,TSpawn,t,-307.0,1216.0,-164.81482,1140,76561198036125584,Jame,1
100,TSpawn,t,32.0,1296.0,-167.96875,1141,76561198356252021,slaxejezzz,1
100,CTSpawn,ct,-1800.0,-1776.0,-263.96875,1141,76561198319723208,HUASOPEEK,1
100,TSpawn,t,32.0,1136.0,-164.78845,1141,76561198210626739,zweih,1
100,CTSpawn,ct,-1976.0,-1776.0,-263.96875,1141,76561198242950384,max,1
100,TSpawn,t,-64.0,1136.0,-164.49915,1141,76561198028292758,HObbit,1
100,TSpawn,t,-160.0,1136.0,-164.43054,1141,76561198141272052,xiELO,1
100,CTSpawn,ct,-1896.0,-1720.0,-267.6023,1141,76561198216891576,dgt,1
100,CTSpawn,ct,-1976.0,-1656.0,-267.4583,1141,76561198067722198,luchov,1
100,CTSpawn,ct,-1800.0,-1656.0,-267.20642,1141,76561198195642865,meyern,1
100,TSpawn,t,-307.0,1216.0,-164.81482,1141,76561198036125584,Jame,1
100,TSpawn,t,32.0,1296.0,-167.96875,1142,76561198356252021,slaxejezzz,1
100,CTSpawn,ct,-1800.0,-1776.0,-263.96875,1142,76561198319723208,HUASOPEEK,1
100,TSpawn,t,32.0,1136.0,-164.78845,1142,76561198210626739,zweih,1
100,CTSpawn,ct,-1976.0,-1776.0,-263.96875,1142,76561198242950384,max,1
100,TSpawn,t,-64.0,1136.0,-164.49915,1142,76561198028292758,HObbit,1
100,TSpawn,t,-160.0,1136.0,-164.43054,1142,76561198141272052,xiELO,1
100,CTSpawn,ct,-1896.0,-1720.0,-267.6023,1142,76561198216891576,dgt,1
100,CTSpawn,ct,-1976.0,-1656.0,-267.4583,1142,76561198067722198,luchov,1
100,CTSpawn,ct,-1800.0,-1656.0,-267.20642,1142,76561198195642865,meyern,1
100,TSpawn,t,-307.0,1216.0,-164.81482,1142,76561198036125584,Jame,1
100,TSpawn,t,32.0,1296.0,-167.96875,1143,76561198356252021,slaxejezzz,1
100,CTSpawn,ct,-1800.0,-1776.0,-263.96875,1143,76561198319723208,HUASOPEEK,1
100,TSpawn,t,32.0,1136.0,-164.78845,1143,76561198210626739,zweih,1
100,CTSpawn,ct,-1976.0,-1776.0,-263.96875,1143,76561198242950384,max,1
100,TSpawn,t,-64.0,1136.0,-164.49915,1143,76561198028292758,HObbit,1
100,TSpawn,t,-160.0,1136.0,-164.43054,1143,76561198141272052,xiELO,1
100,CTSpawn,ct,-1896.0,-1720.0,-267.6023,1143,76561198216891576,dgt,1
100,CTSpawn,ct,-1976.0,-1656.0,-267.4583,1143,76561198067722198,luchov,1
100,CTSpawn,ct,-1800.0,-1656.0,-267.20642,1143,76561198195642865,meyern,1
100,TSpawn,t,-307.0,1216.0,-164.81482,1143,76561198036125584,Jame,1
100,TSpawn,t,32.0,1296.0,-167.96875,1144,76561198356252021,slaxejezzz,1
100,CTSpawn,ct,-1800.0,-1776.0,-263.96875,1144,76561198319723208,HUASOPEEK,1
100,TSpawn,t,32.0,1136.0,-164.78845,1144,76561198210626739,zweih,1
100,CTSpawn,ct,-1976.0,-1776.0,-263.96875,1144,76561198242950384,max,1
100,TSpawn,t,-64.0,1136.0,-164.49915,1144,76561198028292758,HObbit,1
100,TSpawn,t,-160.0,1136.0,-164.43054,1144,76561198141272052,xiELO,1
100,CTSpawn,ct,-1896.0,-1720.0,-267.6023,1144,76561198216891576,dgt,1
100,CTSpawn,ct,-1976.0,-1656.0,-267.4583,1144,76561198067722198,luchov,1
100,CTSpawn,ct,-1800.0,-1656.0,-267.20642,1144,76561198195642865,meyern,1
100,TSpawn,t,-307.0,1216.0,-164.81482,1144,76561198036125584,Jame,1
100,TSpawn,t,32.0,1296.0,-167.96875,1145,76561198356252021,slaxejezzz,1
100,CTSpawn,ct,-1800.0,-1776.0,-263.96875,1145,76561198319723208,HUASOPEEK,1
100,TSpawn,t,32.0,1136.0,-164.78845,1145,76561198210626739,zweih,1
100,CTSpawn,ct,-1976.0,-1776.0,-263.96875,1145,76561198242950384,max,1
100,TSpawn,t,-64.0,1136.0,-164.49915,1145,76561198028292758,HObbit,1
100,TSpawn,t,-160.0,1136.0,-164.43054,1145,76561198141272052,xiELO,1
100,CTSpawn,ct,-1896.0,-1720.0,-267.6023,1145,76561198216891576,dgt,1
100,CTSpawn,ct,-1976.0,-1656.0,-267.4583,1145,76561198067722198,luchov,1
100,CTSpawn,ct,-1800.0,-1656.0,-267.20642,1145,76561198195642865,meyern,1
100,TSpawn,t,-307.0,1216.0,-164.81482,1145,76561198036125584,Jame,1
100,TSpawn,t,32.0,1296.0,-167.96875,1146,76561198356252021,slaxejezzz,1
100,CTSpawn,ct,-1800.0,-1776.0,-263.96875,1146,76561198319723208,HUASOPEEK,1
100,TSpawn,t,32.0,1136.0,-164.78845,1146,76561198210626739,zweih,1
100,CTSpawn,ct,-1976.0,-1776.0,-263.96875,1146,76561198242950384,max,1
100,TSpawn,t,-64.0,1136.0,-164.49915,1146,76561198028292758,HObbit,1
100,TSpawn,t,-160.0,1136.0,-164.43054,1146,76561198141272052,xiELO,1
100,CTSpawn,ct,-1896.0,-1720.0,-267.6023,1146,76561198216891576,dgt,1
100,CTSpawn,ct,-1976.0,-1656.0,-267.4583,1146,76561198067722198,luchov,1
100,CTSpawn,ct,-1800.0,-1656.0,-267.20642,1146,76561198195642865,meyern,1
100,TSpawn,t,-307.0,1216.0,-164.81482,1146,76561198036125584,Jame,1
100,TSpawn,t,32.0,1296.0,-167.96875,1147,76561198356252021,slaxejezzz,1
100,CTSpawn,ct,-1800.0,-1776.0,-263.96875,1147,76561198319723208,HUASOPEEK,1
100,TSpawn,t,32.0,1136.0,-164.78845,1147,76561198210626739,zweih,1
100,CTSpawn,ct,-1976.0,-1776.0,-263.96875,1147,76561198242950384,max,1
100,TSpawn,t,-64.0,1136.0,-164.49915,1147,76561198028292758,HObbit,1
100,TSpawn,t,-160.0,1136.0,-164.43054,1147,76561198141272052,xiELO,1
100,CTSpawn,ct,-1896.0,-1720.0,-267.6023,1147,76561198216891576,dgt,1
100,CTSpawn,ct,-1976.0,-1656.0,-267.4583,1147,76561198067722198,luchov,1
100,CTSpawn,ct,-1800.0,-1656.0,-267.20642,1147,76561198195642865,meyern,1
100,TSpawn,t,-307.0,1216.0,-164.81482,1147,76561198036125584,Jame,1
100,TSpawn,t,32.0,1296.0,-167.96875,1148,76561198356252021,slaxejezzz,1
100,CTSpawn,ct,-1800.0,-1776.0,-263.96875,1148,76561198319723208,HUASOPEEK,1
100,TSpawn,t,32.0,1136.0,-164.78845,1148,76561198210626739,zweih,1
100,CTSpawn,ct,-1976.0,-1776.0,-263.96875,1148,76561198242950384,max,1
100,TSpawn,t,-64.0,1136.0,-164.49915,1148,76561198028292758,HObbit,1
100,TSpawn,t,-160.0,1136.0,-164.43054,1148,76561198141272052,xiELO,1
100,CTSpawn,ct,-1896.0,-1720.0,-267.6023,1148,76561198216891576,dgt,1
100,CTSpawn,ct,-1976.0,-1656.0,-267.4583,1148,76561198067722198,luchov,1
100,CTSpawn,ct,-1800.0,-1656.0,-267.20642,1148,76561198195642865,meyern,1
100,TSpawn,t,-307.0,1216.0,-164.81482,1148,76561198036125584,Jame,1
100,TSpawn,t,32.0,1296.0,-167.96875,1149,76561198356252021,slaxejezzz,1
100,CTSpawn,ct,-1800.0,-1776.0,-263.96875,1149,76561198319723208,HUASOPEEK,1
100,TSpawn,t,32.0,1136.0,-164.78845,1149,76561198210626739,zweih,1
100,CTSpawn,ct,-1976.0,-1776.0,-263.96875,1149,76561198242950384,max,1
100,TSpawn,t,-64.0,1136.0,-164.49915,1149,76561198028292758,HObbit,1
100,TSpawn,t,-160.0,1136.0,-164.43054,1149,76561198141272052,xiELO,1
100,CTSpawn,ct,-1896.0,-1720.0,-267.6023,1149,76561198216891576,dgt,1
100,CTSpawn,ct,-1976.0,-1656.0,-267.4583,1149,76561198067722198,luchov,1
100,CTSpawn,ct,-1800.0,-1656.0,-267.20642,1149,76561198195642865,meyern,1
100,TSpawn,t,-307.0,1216.0,-164.81482,1149,76561198036125584,Jame,1
100,TSpawn,t,32.0,1296.0,-167.96875,1150,76561198356252021,slaxejezzz,1
100,CTSpawn,ct,-1800.0,-1776.0,-263.96875,1150,76561198319723208,HUASOPEEK,1
100,TSpawn,t,32.0,1136.0,-164.78845,1150,76561198210626739,zweih,1
100,CTSpawn,ct,-1976.0,-1776.0,-263.96875,1150,76561198242950384,max,1
100,TSpawn,t,-64.0,1136.0,-164.49915,1150,76561198028292758,HObbit,1
100,TSpawn,t,-160.0,1136.0,-164.43054,1150,76561198141272052,xiELO,1
100,CTSpawn,ct,-1896.0,-1720.0,-267.6023,1150,76561198216891576,dgt,1
100,CTSpawn,ct,-1976.0,-1656.0,-267.4583,1150,76561198067722198,luchov,1
100,CTSpawn,ct,-1800.0,-1656.0,-267.20642,1150,76561198195642865,meyern,1
100,TSpawn,t,-307.0,1216.0,-164.81482,1150,76561198036125584,Jame,1
100,TSpawn,t,32.0,1296.0,-167.96875,1151,76561198356252021,slaxejezzz,1
100,CTSpawn,ct,-1800.0,-1776.0,-263.96875,1151,76561198319723208,HUASOPEEK,1
100,TSpawn,t,32.0,1136.0,-164.78845,1151,76561198210626739,zweih,1
100,CTSpawn,ct,-1976.0,-1776.0,-263.96875,1151,76561198242950384,max,1
100,TSpawn,t,-64.0,1136.0,-164.49915,1151,76561198028292758,HObbit,1
100,TSpawn,t,-160.0,1136.0,-164.43054,1151,76561198141272052,xiELO,1
100,CTSpawn,ct,-1896.0,-1720.0,-267.6023,1151,76561198216891576,dgt,1
100,CTSpawn,ct,-1976.0,-1656.0,-267.4583,1151,76561198067722198,luchov,1
100,CTSpawn,ct,-1800.0,-1656.0,-267.20642,1151,76561198195642865,meyern,1
100,TSpawn,t,-307.0,1216.0,-164.81482,1151,76561198036125584,Jame,1
100,TSpawn,t,32.0,1296.0,-167.96875,1152,76561198356252021,slaxejezzz,1
100,CTSpawn,ct,-1800.0,-1776.0,-263.96875,1152,76561198319723208,HUASOPEEK,1
100,TSpawn,t,32.0,1136.0,-164.78845,1152,76561198210626739,zweih,1
100,CTSpawn,ct,-1976.0,-1776.0,-263.96875,1152,76561198242950384,max,1
100,TSpawn,t,-64.0,1136.0,-164.49915,1152,76561198028292758,HObbit,1
100,TSpawn,t,-160.0,1136.0,-164.43054,1152,76561198141272052,xiELO,1
100,CTSpawn,ct,-1896.0,-1720.0,-267.6023,1152,76561198216891576,dgt,1
100,CTSpawn,ct,-1976.0,-1656.0,-267.4583,1152,76561198067722198,luchov,1
100,CTSpawn,ct,-1800.0,-1656.0,-267.20642,1152,76561198195642865,meyern,1
100,TSpawn,t,-307.0,1216.0,-164.81482,1152,76561198036125584,Jame,1
100,TSpawn,t,32.0,1296.0,-167.96875,1153,76561198356252021,slaxejezzz,1
100,CTSpawn,ct,-1800.0,-1776.0,-263.96875,1153,76561198319723208,HUASOPEEK,1
100,TSpawn,t,32.0,1136.0,-164.78845,1153,76561198210626739,zweih,1
100,CTSpawn,ct,-1976.0,-1776.0,-263.96875,1153,76561198242950384,max,1
100,TSpawn,t,-64.0,1136.0,-164.49915,1153,76561198028292758,HObbit,1
100,TSpawn,t,-160.0,1136.0,-164.43054,1153,76561198141272052,xiELO,1
100,CTSpawn,ct,-1896.0,-1720.0,-267.6023,1153,76561198216891576,dgt,1
100,CTSpawn,ct,-1976.0,-1656.0,-267.4583,1153,76561198067722198,luchov,1
100,CTSpawn,ct,-1800.0,-1656.0,-267.20642,1153,76561198195642865,meyern,1
100,TSpawn,t,-307.0,1216.0,-164.81482,1153,76561198036125584,Jame,1
100,TSpawn,t,32.0,1296.0,-167.96875,1154,76561198356252021,slaxejezzz,1
100,CTSpawn,ct,-1800.0,-1776.0,-263.96875,1154,76561198319723208,HUASOPEEK,1
100,TSpawn,t,32.0,1136.0,-164.78845,1154,76561198210626739,zweih,1
100,CTSpawn,ct,-1976.0,-1776.0,-263.96875,1154,76561198242950384,max,1
100,TSpawn,t,-64.0,1136.0,-164.49915,1154,76561198028292758,HObbit,1
100,TSpawn,t,-160.0,1136.0,-164.43054,1154,76561198141272052,xiELO,1
100,CTSpawn,ct,-1896.0,-1720.0,-267.6023,1154,76561198216891576,dgt,1
100,CTSpawn,ct,-1976.0,-1656.0,-267.4583,1154,76561198067722198,luchov,1
100,CTSpawn,ct,-1800.0,-1656.0,-267.20642,1154,76561198195642865,meyern,1
100,TSpawn,t,-307.0,1216.0,-164.81482,1154,76561198036125584,Jame,1
100,TSpawn,t,32.0,1296.0,-167.96875,1155,76561198356252021,slaxejezzz,1
100,CTSpawn,ct,-1800.0,-1776.0,-263.96875,1155,76561198319723208,HUASOPEEK,1
100,TSpawn,t,32.0,1136.0,-164.78845,1155,76561198210626739,zweih,1
100,CTSpawn,ct,-1976.0,-1776.0,-263.96875,1155,76561198242950384,max,1
100,TSpawn,t,-64.0,1136.0,-164.49915,1155,76561198028292758,HObbit,1
100,TSpawn,t,-160.0,1136.0,-164.43054,1155,76561198141272052,xiELO,1
100,CTSpawn,ct,-1896.0,-1720.0,-267.6023,1155,76561198216891576,dgt,1
100,CTSpawn,ct,-1976.0,-1656.0,-267.4583,1155,76561198067722198,luchov,1
100,CTSpawn,ct,-1800.0,-1656.0,-267.20642,1155,76561198195642865,meyern,1
100,TSpawn,t,-307.0,1216.0,-164.81482,1155,76561198036125584,Jame,1
100,TSpawn,t,32.0,1296.0,-167.96875,1156,76561198356252021,slaxejezzz,1
100,CTSpawn,ct,-1800.0,-1776.0,-263.96875,1156,76561198319723208,HUASOPEEK,1
100,TSpawn,t,32.0,1136.0,-164.78845,1156,76561198210626739,zweih,1
100,CTSpawn,ct,-1976.0,-1776.0,-263.96875,1156,76561198242950384,max,1
100,TSpawn,t,-64.0,1136.0,-164.49915,1156,76561198028292758,HObbit,1
100,TSpawn,t,-160.0,1136.0,-164.43054,1156,76561198141272052,xiELO,1
100,CTSpawn,ct,-1896.0,-1720.0,-267.6023,1156,76561198216891576,dgt,1
100,CTSpawn,ct,-1976.0,-1656.0,-267.4583,1156,76561198067722198,luchov,1
100,CTSpawn,ct,-1800.0,-1656.0,-267.20642,1156,76561198195642865,meyern,1
100,TSpawn,t,-307.0,1216.0,-164.81482,1156,76561198036125584,Jame,1
100,TSpawn,t,32.0,1296.0,-167.96875,1157,76561198356252021,slaxejezzz,1
100,CTSpawn,ct,-1800.0,-1776.0,-263.96875,1157,76561198319723208,HUASOPEEK,1
100,TSpawn,t,32.0,1136.0,-164.78845,1157,76561198210626739,zweih,1
100,CTSpawn,ct,-1976.0,-1776.0,-263.96875,1157,76561198242950384,max,1
100,TSpawn,t,-64.0,1136.0,-164.49915,1157,76561198028292758,HObbit,1
100,TSpawn,t,-160.0,1136.0,-164.43054,1157,76561198141272052,xiELO,1
100,CTSpawn,ct,-1896.0,-1720.0,-267.6023,1157,76561198216891576,dgt,1
100,CTSpawn,ct,-1976.0,-1656.0,-267.4583,1157,76561198067722198,luchov,1
100,CTSpawn,ct,-1800.0,-1656.0,-267.20642,1157,76561198195642865,meyern,1
100,TSpawn,t,-307.0,1216.0,-164.81482,1157,76561198036125584,Jame,1
100,TSpawn,t,32.0,1296.0,-167.96875,1158,76561198356252021,slaxejezzz,1
100,CTSpawn,ct,-1800.0,-1776.0,-263.96875,1158,76561198319723208,HUASOPEEK,1
100,TSpawn,t,32.0,1136.0,-164.78845,1158,76561198210626739,zweih,1
100,CTSpawn,ct,-1976.0,-1776.0,-263.96875,1158,76561198242950384,max,1
100,TSpawn,t,-64.0,1136.0,-164.49915,1158,76561198028292758,HObbit,1
100,TSpawn,t,-160.0,1136.0,-164.43054,1158,76561198141272052,xiELO,1
100,CTSpawn,ct,-1896.0,-1720.0,-267.6023,1158,76561198216891576,dgt,1
100,CTSpawn,ct,-1976.0,-1656.0,-267.4583,1158,76561198067722198,luchov,1
100,CTSpawn,ct,-1800.0,-1656.0,-267.20642,1158,76561198195642865,meyern,1
100,TSpawn,t,-307.0,1216.0,-164.81482,1158,76561198036125584,Jame,1
100,TSpawn,t,32.0,1296.0,-167.96875,1159,76561198356252021,slaxejezzz,1
100,CTSpawn,ct,-1800.0,-1776.0,-263.96875,1159,76561198319723208,HUASOPEEK,1
100,TSpawn,t,32.0,1136.0,-164.78845,1159,76561198210626739,zweih,1
100,CTSpawn,ct,-1976.0,-1776.0,-263.96875,1159,76561198242950384,max,1
100,TSpawn,t,-64.0,1136.0,-164.49915,1159,76561198028292758,HObbit,1
100,TSpawn,t,-160.0,1136.0,-164.43054,1159,76561198141272052,xiELO,1
100,CTSpawn,ct,-1896.0,-1720.0,-267.6023,1159,76561198216891576,dgt,1
100,CTSpawn,ct,-1976.0,-1656.0,-267.4583,1159,76561198067722198,luchov,1
100,CTSpawn,ct,-1800.0,-1656.0,-267.20642,1159,76561198195642865,meyern,1
100,TSpawn,t,-307.0,1216.0,-164.81482,1159,76561198036125584,Jame,1
100,TSpawn,t,32.0,1296.0,-167.96875,1160,76561198356252021,slaxejezzz,1
100,CTSpawn,ct,-1800.0,-1776.0,-263.96875,1160,76561198319723208,HUASOPEEK,1
100,TSpawn,t,32.0,1136.0,-164.78845,1160,76561198210626739,zweih,1
100,CTSpawn,ct,-1976.0,-1776.0,-263.96875,1160,76561198242950384,max,1
100,TSpawn,t,-64.0,1136.0,-164.49915,1160,76561198028292758,HObbit,1
100,TSpawn,t,-160.0,1136.0,-164.43054,1160,76561198141272052,xiELO,1
100,CTSpawn,ct,-1896.0,-1720.0,-267.6023,1160,76561198216891576,dgt,1
100,CTSpawn,ct,-1976.0,-1656.0,-267.4583,1160,76561198067722198,luchov,1
100,CTSpawn,ct,-1800.0,-1656.0,-267.20642,1160,76561198195642865,meyern,1
100,TSpawn,t,-307.0,1216.0,-164.81482,1160,76561198036125584,Jame,1
100,TSpawn,t,32.0,1296.0,-167.96875,1161,76561198356252021,slaxejezzz,1
100,CTSpawn,ct,-1800.0,-1776.0,-263.96875,1161,76561198319723208,HUASOPEEK,1
100,TSpawn,t,32.0,1136.0,-164.78845,1161,76561198210626739,zweih,1
100,CTSpawn,ct,-1976.0,-1776.0,-263.96875,1161,76561198242950384,max,1
100,TSpawn,t,-64.0,1136.0,-164.49915,1161,76561198028292758,HObbit,1
100,TSpawn,t,-160.0,1136.0,-164.43054,1161,76561198141272052,xiELO,1
100,CTSpawn,ct,-1896.0,-1720.0,-267.6023,1161,76561198216891576,dgt,1
100,CTSpawn,ct,-1976.0,-1656.0,-267.4583,1161,76561198067722198,luchov,1
100,CTSpawn,ct,-1800.0,-1656.0,-267.20642,1161,76561198195642865,meyern,1
100,TSpawn,t,-307.0,1216.0,-164.81482,1161,76561198036125584,Jame,1
100,TSpawn,t,32.0,1296.0,-167.96875,1162,76561198356252021,slaxejezzz,1
100,CTSpawn,ct,-1800.0,-1776.0,-263.96875,1162,76561198319723208,HUASOPEEK,1
100,TSpawn,t,32.0,1136.0,-164.78845,1162,76561198210626739,zweih,1
100,CTSpawn,ct,-1976.0,-1776.0,-263.96875,1162,76561198242950384,max,1
100,TSpawn,t,-64.0,1136.0,-164.49915,1162,76561198028292758,HObbit,1
100,TSpawn,t,-160.0,1136.0,-164.43054,1162,76561198141272052,xiELO,1
100,CTSpawn,ct,-1896.0,-1720.0,-267.6023,1162,76561198216891576,dgt,1
100,CTSpawn,ct,-1976.0,-1656.0,-267.4583,1162,76561198067722198,luchov,1
100,CTSpawn,ct,-1800.0,-1656.0,-267.20642,1162,76561198195642865,meyern,1
100,TSpawn,t,-307.0,1216.0,-164.81482,1162,76561198036125584,Jame,1
100,TSpawn,t,32.0,1296.0,-167.96875,1163,76561198356252021,slaxejezzz,1
100,CTSpawn,ct,-1800.0,-1776.0,-263.96875,1163,76561198319723208,HUASOPEEK,1
100,TSpawn,t,32.0,1136.0,-164.78845,1163,76561198210626739,zweih,1
100,CTSpawn,ct,-1976.0,-1776.0,-263.96875,1163,76561198242950384,max,1
100,TSpawn,t,-64.0,1136.0,-164.49915,1163,76561198028292758,HObbit,1
100,TSpawn,t,-160.0,1136.0,-164.43054,1163,76561198141272052,xiELO,1
100,CTSpawn,ct,-1896.0,-1720.0,-267.6023,1163,76561198216891576,dgt,1
100,CTSpawn,ct,-1976.0,-1656.0,-267.4583,1163,76561198067722198,luchov,1
100,CTSpawn,ct,-1800.0,-1656.0,-267.20642,1163,76561198195642865,meyern,1
100,TSpawn,t,-307.0,1216.0,-164.81482,1163,76561198036125584,Jame,1
100,TSpawn,t,32.0,1296.0,-167.96875,1164,76561198356252021,slaxejezzz,1
100,CTSpawn,ct,-1800.0,-1776.0,-263.96875,1164,76561198319723208,HUASOPEEK,1
100,TSpawn,t,32.0,1136.0,-164.78845,1164,76561198210626739,zweih,1
100,CTSpawn,ct,-1976.0,-1776.0,-263.96875,1164,76561198242950384,max,1
100,TSpawn,t,-64.0,1136.0,-164.49915,1164,76561198028292758,HObbit,1
100,TSpawn,t,-160.0,1136.0,-164.43054,1164,76561198141272052,xiELO,1
100,CTSpawn,ct,-1896.0,-1720.0,-267.6023,1164,76561198216891576,dgt,1
100,CTSpawn,ct,-1976.0,-1656.0,-267.4583,1164,76561198067722198,luchov,1
100,CTSpawn,ct,-1800.0,-1656.0,-267.20642,1164,76561198195642865,meyern,1
100,TSpawn,t,-307.0,1216.0,-164.81482,1164,76561198036125584,Jame,1
100,TSpawn,t,32.0,1296.0,-167.96875,1165,76561198356252021,slaxejezzz,1
100,CTSpawn,ct,-1800.0,-1776.0,-263.96875,1165,76561198319723208,HUASOPEEK,1
100,TSpawn,t,32.0,1136.0,-164.78845,1165,76561198210626739,zweih,1
100,CTSpawn,ct,-1976.0,-1776.0,-263.96875,1165,76561198242950384,max,1
100,TSpawn,t,-64.0,1136.0,-164.49915,1165,76561198028292758,HObbit,1
100,TSpawn,t,-160.0,1136.0,-164.43054,1165,76561198141272052,xiELO,1
100,CTSpawn,ct,-1896.0,-1720.0,-267.6023,1165,76561198216891576,dgt,1
100,CTSpawn,ct,-1976.0,-1656.0,-267.4583,1165,76561198067722198,luchov,1
100,CTSpawn,ct,-1800.0,-1656.0,-267.20642,1165,76561198195642865,meyern,1
100,TSpawn,t,-307.0,1216.0,-164.81482,1165,76561198036125584,Jame,1
100,TSpawn,t,32.0,1296.0,-167.96875,1166,76561198356252021,slaxejezzz,1
100,CTSpawn,ct,-1800.0,-1776.0,-263.96875,1166,76561198319723208,HUASOPEEK,1
100,TSpawn,t,32.0,1136.0,-164.78845,1166,76561198210626739,zweih,1
100,CTSpawn,ct,-1976.0,-1776.0,-263.96875,1166,76561198242950384,max,1
100,TSpawn,t,-64.0,1136.0,-164.49915,1166,76561198028292758,HObbit,1
100,TSpawn,t,-160.0,1136.0,-164.43054,1166,76561198141272052,xiELO,1
100,CTSpawn,ct,-1896.0,-1720.0,-267.6023,1166,76561198216891576,dgt,1
100,CTSpawn,ct,-1976.0,-1656.0,-267.4583,1166,76561198067722198,luchov,1
100,CTSpawn,ct,-1800.0,-1656.0,-267.20642,1166,76561198195642865,meyern,1
100,TSpawn,t,-307.0,1216.0,-164.81482,1166,76561198036125584,Jame,1
100,TSpawn,t,32.0,1296.0,-167.96875,1167,76561198356252021,slaxejezzz,1
100,CTSpawn,ct,-1800.0,-1776.0,-263.96875,1167,76561198319723208,HUASOPEEK,1
100,TSpawn,t,32.0,1136.0,-164.78845,1167,76561198210626739,zweih,1
100,CTSpawn,ct,-1976.0,-1776.0,-263.96875,1167,76561198242950384,max,1
100,TSpawn,t,-64.0,1136.0,-164.49915,1167,76561198028292758,HObbit,1
100,TSpawn,t,-160.0,1136.0,-164.43054,1167,76561198141272052,xiELO,1
100,CTSpawn,ct,-1896.0,-1720.0,-267.6023,1167,76561198216891576,dgt,1
100,CTSpawn,ct,-1976.0,-1656.0,-267.4583,1167,76561198067722198,luchov,1
100,CTSpawn,ct,-1800.0,-1656.0,-267.20642,1167,76561198195642865,meyern,1
100,TSpawn,t,-307.0,1216.0,-164.81482,1167,76561198036125584,Jame,1
100,TSpawn,t,32.0,1296.0,-167.96875,1168,76561198356252021,slaxejezzz,1
100,CTSpawn,ct,-1800.0,-1776.0,-263.96875,1168,76561198319723208,HUASOPEEK,1
100,TSpawn,t,32.0,1136.0,-164.78845,1168,76561198210626739,zweih,1
100,CTSpawn,ct,-1976.0,-1776.0,-263.96875,1168,76561198242950384,max,1
100,TSpawn,t,-64.0,1136.0,-164.49915,1168,76561198028292758,HObbit,1
100,TSpawn,t,-160.0,1136.0,-164.43054,1168,76561198141272052,xiELO,1
100,CTSpawn,ct,-1896.0,-1720.0,-267.6023,1168,76561198216891576,dgt,1
100,CTSpawn,ct,-1976.0,-1656.0,-267.4583,1168,76561198067722198,luchov,1
100,CTSpawn,ct,-1800.0,-1656.0,-267.20642,1168,76561198195642865,meyern,1
100,TSpawn,t,-307.0,1216.0,-164.81482,1168,76561198036125584,Jame,1
100,TSpawn,t,32.0,1296.0,-167.96875,1169,76561198356252021,slaxejezzz,1
100,CTSpawn,ct,-1800.0,-1776.0,-263.96875,1169,76561198319723208,HUASOPEEK,1
100,TSpawn,t,32.0,1136.0,-164.78845,1169,76561198210626739,zweih,1
100,CTSpawn,ct,-1976.0,-1776.0,-263.96875,1169,76561198242950384,max,1
100,TSpawn,t,-64.0,1136.0,-164.49915,1169,76561198028292758,HObbit,1
100,TSpawn,t,-160.0,1136.0,-164.43054,1169,76561198141272052,xiELO,1
100,CTSpawn,ct,-1896.0,-1720.0,-267.6023,1169,76561198216891576,dgt,1
100,CTSpawn,ct,-1976.0,-1656.0,-267.4583,1169,76561198067722198,luchov,1
100,CTSpawn,ct,-1800.0,-1656.0,-267.20642,1169,76561198195642865,meyern,1
100,TSpawn,t,-307.0,1216.0,-164.81482,1169,76561198036125584,Jame,1
100,TSpawn,t,32.0,1296.0,-167.96875,1170,76561198356252021,slaxejezzz,1
100,CTSpawn,ct,-1800.0,-1776.0,-263.96875,1170,76561198319723208,HUASOPEEK,1
100,TSpawn,t,32.0,1136.0,-164.78845,1170,76561198210626739,zweih,1
100,CTSpawn,ct,-1976.0,-1776.0,-263.96875,1170,76561198242950384,max,1
100,TSpawn,t,-64.0,1136.0,-164.49915,1170,76561198028292758,HObbit,1
100,TSpawn,t,-160.0,1136.0,-164.43054,1170,76561198141272052,xiELO,1
100,CTSpawn,ct,-1896.0,-1720.0,-267.6023,1170,76561198216891576,dgt,1
100,CTSpawn,ct,-1976.0,-1656.0,-267.4583,1170,76561198067722198,luchov,1
100,CTSpawn,ct,-1800.0,-1656.0,-267.20642,1170,76561198195642865,meyern,1
100,TSpawn,t,-307.0,1216.0,-164.81482,1170,76561198036125584,Jame,1
100,TSpawn,t,32.0,1296.0,-167.96875,1171,76561198356252021,slaxejezzz,1
100,CTSpawn,ct,-1800.0,-1776.0,-263.96875,1171,76561198319723208,HUASOPEEK,1
100,TSpawn,t,32.0,1136.0,-164.78845,1171,76561198210626739,zweih,1
100,CTSpawn,ct,-1976.0,-1776.0,-263.96875,1171,76561198242950384,max,1
100,TSpawn,t,-64.0,1136.0,-164.49915,1171,76561198028292758,HObbit,1
100,TSpawn,t,-160.0,1136.0,-164.43054,1171,76561198141272052,xiELO,1
100,CTSpawn,ct,-1896.0,-1720.0,-267.6023,1171,76561198216891576,dgt,1
100,CTSpawn,ct,-1976.0,-1656.0,-267.4583,1171,76561198067722198,luchov,1
100,CTSpawn,ct,-1800.0,-1656.0,-267.20642,1171,76561198195642865,meyern,1
100,TSpawn,t,-307.0,1216.0,-164.81482,1171,76561198036125584,Jame,1
100,TSpawn,t,32.0,1296.0,-167.96875,1172,76561198356252021,slaxejezzz,1
100,CTSpawn,ct,-1800.0,-1776.0,-263.96875,1172,76561198319723208,HUASOPEEK,1
100,TSpawn,t,32.0,1136.0,-164.78845,1172,76561198210626739,zweih,1
100,CTSpawn,ct,-1976.0,-1776.0,-263.96875,1172,76561198242950384,max,1
100,TSpawn,t,-64.0,1136.0,-164.49915,1172,76561198028292758,HObbit,1
100,TSpawn,t,-160.0,1136.0,-164.43054,1172,76561198141272052,xiELO,1
100,CTSpawn,ct,-1896.0,-1720.0,-267.6023,1172,76561198216891576,dgt,1
100,CTSpawn,ct,-1976.0,-1656.0,-267.4583,1172,76561198067722198,luchov,1
100,CTSpawn,ct,-1800.0,-1656.0,-267.20642,1172,76561198195642865,meyern,1
100,TSpawn,t,-307.0,1216.0,-164.81482,1172,76561198036125584,Jame,1
100,TSpawn,t,32.0,1296.0,-167.96875,1173,76561198356252021,slaxejezzz,1
100,CTSpawn,ct,-1800.0,-1776.0,-263.96875,1173,76561198319723208,HUASOPEEK,1
100,TSpawn,t,32.0,1136.0,-164.78845,1173,76561198210626739,zweih,1
100,CTSpawn,ct,-1976.0,-1776.0,-263.96875,1173,76561198242950384,max,1
100,TSpawn,t,-64.0,1136.0,-164.49915,1173,76561198028292758,HObbit,1
100,TSpawn,t,-160.0,1136.0,-164.43054,1173,76561198141272052,xiELO,1
100,CTSpawn,ct,-1896.0,-1720.0,-267.6023,1173,76561198216891576,dgt,1
100,CTSpawn,ct,-1976.0,-1656.0,-267.4583,1173,76561198067722198,luchov,1
100,CTSpawn,ct,-1800.0,-1656.0,-267.20642,1173,76561198195642865,meyern,1
100,TSpawn,t,-307.0,1216.0,-164.81482,1173,76561198036125584,Jame,1
100,TSpawn,t,32.0,1296.0,-167.96875,1174,76561198356252021,slaxejezzz,1
100,CTSpawn,ct,-1800.0,-1776.0,-263.96875,1174,76561198319723208,HUASOPEEK,1
100,TSpawn,t,32.0,1136.0,-164.78845,1174,76561198210626739,zweih,1
100,CTSpawn,ct,-1976.0,-1776.0,-263.96875,1174,76561198242950384,max,1
100,TSpawn,t,-64.0,1136.0,-164.49915,1174,76561198028292758,HObbit,1
100,TSpawn,t,-160.0,1136.0,-164.43054,1174,76561198141272052,xiELO,1
100,CTSpawn,ct,-1896.0,-1720.0,-267.6023,1174,76561198216891576,dgt,1
100,CTSpawn,ct,-1976.0,-1656.0,-267.4583,1174,76561198067722198,luchov,1
100,CTSpawn,ct,-1800.0,-1656.0,-267.20642,1174,76561198195642865,meyern,1
100,TSpawn,t,-307.0,1216.0,-164.81482,1174,76561198036125584,Jame,1
100,TSpawn,t,32.0,1296.0,-167.96875,1175,76561198356252021,slaxejezzz,1
100,CTSpawn,ct,-1800.0,-1776.0,-263.96875,1175,76561198319723208,HUASOPEEK,1
100,TSpawn,t,32.0,1136.0,-164.78845,1175,76561198210626739,zweih,1
100,CTSpawn,ct,-1976.0,-1776.0,-263.96875,1175,76561198242950384,max,1
100,TSpawn,t,-64.0,1136.0,-164.49915,1175,76561198028292758,HObbit,1
100,TSpawn,t,-160.0,1136.0,-164.43054,1175,76561198141272052,xiELO,1
100,CTSpawn,ct,-1896.0,-1720.0,-267.6023,1175,76561198216891576,dgt,1
100,CTSpawn,ct,-1976.0,-1656.0,-267.4583,1175,76561198067722198,luchov,1
100,CTSpawn,ct,-1800.0,-1656.0,-267.20642,1175,76561198195642865,meyern,1
100,TSpawn,t,-307.0,1216.0,-164.81482,1175,76561198036125584,Jame,1
100,TSpawn,t,32.0,1296.0,-167.96875,1176,76561198356252021,slaxejezzz,1
100,CTSpawn,ct,-1800.0,-1776.0,-263.96875,1176,76561198319723208,HUASOPEEK,1
100,TSpawn,t,32.0,1136.0,-164.78845,1176,76561198210626739,zweih,1
100,CTSpawn,ct,-1976.0,-1776.0,-263.96875,1176,76561198242950384,max,1
100,TSpawn,t,-64.0,1136.0,-164.49915,1176,76561198028292758,HObbit,1
100,TSpawn,t,-160.0,1136.0,-164.43054,1176,76561198141272052,xiELO,1
100,CTSpawn,ct,-1896.0,-1720.0,-267.6023,1176,76561198216891576,dgt,1
100,CTSpawn,ct,-1976.0,-1656.0,-267.4583,1176,76561198067722198,luchov,1
100,CTSpawn,ct,-1800.0,-1656.0,-267.20642,1176,76561198195642865,meyern,1
100,TSpawn,t,-307.0,1216.0,-164.81482,1176,76561198036125584,Jame,1
100,TSpawn,t,32.0,1296.0,-167.96875,1177,76561198356252021,slaxejezzz,1
100,CTSpawn,ct,-1800.0,-1776.0,-263.96875,1177,76561198319723208,HUASOPEEK,1
100,TSpawn,t,32.0,1136.0,-164.78845,1177,76561198210626739,zweih,1
100,CTSpawn,ct,-1976.0,-1776.0,-263.96875,1177,76561198242950384,max,1
100,TSpawn,t,-64.0,1136.0,-164.49915,1177,76561198028292758,HObbit,1
100,TSpawn,t,-160.0,1136.0,-164.43054,1177,76561198141272052,xiELO,1
100,CTSpawn,ct,-1896.0,-1720.0,-267.6023,1177,76561198216891576,dgt,1
100,CTSpawn,ct,-1976.0,-1656.0,-267.4583,1177,76561198067722198,luchov,1
100,CTSpawn,ct,-1800.0,-1656.0,-267.20642,1177,76561198195642865,meyern,1
100,TSpawn,t,-307.0,1216.0,-164.81482,1177,76561198036125584,Jame,1
100,TSpawn,t,32.0,1296.0,-167.96875,1178,76561198356252021,slaxejezzz,1
100,CTSpawn,ct,-1800.0,-1776.0,-263.96875,1178,76561198319723208,HUASOPEEK,1
100,TSpawn,t,32.0,1136.0,-164.78845,1178,76561198210626739,zweih,1
100,CTSpawn,ct,-1976.0,-1776.0,-263.96875,1178,76561198242950384,max,1
100,TSpawn,t,-64.0,1136.0,-164.49915,1178,76561198028292758,HObbit,1
100,TSpawn,t,-160.0,1136.0,-164.43054,1178,76561198141272052,xiELO,1
100,CTSpawn,ct,-1896.0,-1720.0,-267.6023,1178,76561198216891576,dgt,1
100,CTSpawn,ct,-1976.0,-1656.0,-267.4583,1178,76561198067722198,luchov,1
100,CTSpawn,ct,-1800.0,-1656.0,-267.20642,1178,76561198195642865,meyern,1
100,TSpawn,t,-307.0,1216.0,-164.81482,1178,76561198036125584,Jame,1
100,TSpawn,t,32.0,1296.0,-167.96875,1179,76561198356252021,slaxejezzz,1
100,CTSpawn,ct,-1800.0,-1776.0,-263.96875,1179,76561198319723208,HUASOPEEK,1
100,TSpawn,t,32.0,1136.0,-164.78845,1179,76561198210626739,zweih,1
100,CTSpawn,ct,-1976.0,-1776.0,-263.96875,1179,76561198242950384,max,1
100,TSpawn,t,-64.0,1136.0,-164.49915,1179,76561198028292758,HObbit,1
100,TSpawn,t,-160.0,1136.0,-164.43054,1179,76561198141272052,xiELO,1
100,CTSpawn,ct,-1896.0,-1720.0,-267.6023,1179,76561198216891576,dgt,1
100,CTSpawn,ct,-1976.0,-1656.0,-267.4583,1179,76561198067722198,luchov,1
100,CTSpawn,ct,-1800.0,-1656.0,-267.20642,1179,76561198195642865,meyern,1
100,TSpawn,t,-307.0,1216.0,-164.81482,1179,76561198036125584,Jame,1
100,TSpawn,t,32.0,1296.0,-167.96875,1180,76561198356252021,slaxejezzz,1
100,CTSpawn,ct,-1800.0,-1776.0,-263.96875,1180,76561198319723208,HUASOPEEK,1
100,TSpawn,t,32.0,1136.0,-164.78845,1180,76561198210626739,zweih,1
100,CTSpawn,ct,-1976.0,-1776.0,-263.96875,1180,76561198242950384,max,1
100,TSpawn,t,-64.0,1136.0,-164.49915,1180,76561198028292758,HObbit,1
100,TSpawn,t,-160.0,1136.0,-164.43054,1180,76561198141272052,xiELO,1
100,CTSpawn,ct,-1896.0,-1720.0,-267.6023,1180,76561198216891576,dgt,1
100,CTSpawn,ct,-1976.0,-1656.0,-267.4583,1180,76561198067722198,luchov,1
100,CTSpawn,ct,-1800.0,-1656.0,-267.20642,1180,76561198195642865,meyern,1
100,TSpawn,t,-307.0,1216.0,-164.81482,1180,76561198036125584,Jame,1
100,TSpawn,t,32.0,1296.0,-167.96875,1181,76561198356252021,slaxejezzz,1
100,CTSpawn,ct,-1800.0,-1776.0,-263.96875,1181,76561198319723208,HUASOPEEK,1
100,TSpawn,t,32.0,1136.0,-164.78845,1181,76561198210626739,zweih,1
100,CTSpawn,ct,-1976.0,-1776.0,-263.96875,1181,76561198242950384,max,1
100,TSpawn,t,-64.0,1136.0,-164.49915,1181,76561198028292758,HObbit,1
100,TSpawn,t,-160.0,1136.0,-164.43054,1181,76561198141272052,xiELO,1
100,CTSpawn,ct,-1896.0,-1720.0,-267.6023,1181,76561198216891576,dgt,1
100,CTSpawn,ct,-1976.0,-1656.0,-267.4583,1181,76561198067722198,luchov,1
100,CTSpawn,ct,-1800.0,-1656.0,-267.20642,1181,76561198195642865,meyern,1
100,TSpawn,t,-307.0,1216.0,-164.81482,1181,76561198036125584,Jame,1
100,TSpawn,t,32.0,1296.0,-167.96875,1182,76561198356252021,slaxejezzz,1
100,CTSpawn,ct,-1800.0,-1776.0,-263.96875,1182,76561198319723208,HUASOPEEK,1
100,TSpawn,t,32.0,1136.0,-164.78845,1182,76561198210626739,zweih,1
100,CTSpawn,ct,-1976.0,-1776.0,-263.96875,1182,76561198242950384,max,1
100,TSpawn,t,-64.0,1136.0,-164.49915,1182,76561198028292758,HObbit,1
100,TSpawn,t,-160.0,1136.0,-164.43054,1182,76561198141272052,xiELO,1
100,CTSpawn,ct,-1896.0,-1720.0,-267.6023,1182,76561198216891576,dgt,1
100,CTSpawn,ct,-1976.0,-1656.0,-267.4583,1182,76561198067722198,luchov,1
100,CTSpawn,ct,-1800.0,-1656.0,-267.20642,1182,76561198195642865,meyern,1
100,TSpawn,t,-307.0,1216.0,-164.81482,1182,76561198036125584,Jame,1
100,TSpawn,t,32.0,1296.0,-167.96875,1183,76561198356252021,slaxejezzz,1
100,CTSpawn,ct,-1800.0,-1776.0,-263.96875,1183,76561198319723208,HUASOPEEK,1
100,TSpawn,t,32.0,1136.0,-164.78845,1183,76561198210626739,zweih,1
100,CTSpawn,ct,-1976.0,-1776.0,-263.96875,1183,76561198242950384,max,1
100,TSpawn,t,-64.0,1136.0,-164.49915,1183,76561198028292758,HObbit,1
100,TSpawn,t,-160.0,1136.0,-164.43054,1183,76561198141272052,xiELO,1
100,CTSpawn,ct,-1896.0,-1720.0,-267.6023,1183,76561198216891576,dgt,1
100,CTSpawn,ct,-1976.0,-1656.0,-267.4583,1183,76561198067722198,luchov,1
100,CTSpawn,ct,-1800.0,-1656.0,-267.20642,1183,76561198195642865,meyern,1
100,TSpawn,t,-307.0,1216.0,-164.81482,1183,76561198036125584,Jame,1
100,TSpawn,t,32.0,1296.0,-167.96875,12660,76561198356252021,slaxejezzz,1
100,CTSpawn,ct,-1800.0,-1776.0,-263.96875,12660,76561198319723208,HUASOPEEK,1
100,TSpawn,t,32.0,1136.0,-164.78845,12660,76561198210626739,zweih,1
100,CTSpawn,ct,-1976.0,-1776.0,-263.96875,12660,76561198242950384,max,1
100,TSpawn,t,-64.0,1136.0,-164.49915,12660,76561198028292758,HObbit,1
100,TSpawn,t,-160.0,1136.0,-164.43054,12660,76561198141272052,xiELO,1
100,CTSpawn,ct,-1896.0,-1720.0,-267.6023,12660,76561198216891576,dgt,1
100,CTSpawn,ct,-1976.0,-1656.0,-267.4583,12660,76561198067722198,luchov,1
100,CTSpawn,ct,-1800.0,-1656.0,-267.20642,12660,76561198195642865,meyern,1
100,TSpawn,t,-307.0,1216.0,-164.81482,12660,76561198036125584,Jame,1
100,TSpawn,t,32.0,1296.0,-167.96875,12661,76561198356252021,slaxejezzz,1
100,CTSpawn,ct,-1800.0,-1776.0,-263.96875,12661,76561198319723208,HUASOPEEK,1
100,TSpawn,t,32.0,1136.0,-164.78845,12661,76561198210626739,zweih,1
100,CTSpawn,ct,-1976.0,-1776.0,-263.96875,12661,76561198242950384,max,1
100,TSpawn,t,-64.0,1136.0,-164.49915,12661,76561198028292758,HObbit,1
100,TSpawn,t,-160.0,1136.0,-164.43054,12661,76561198141272052,xiELO,1
100,CTSpawn,ct,-1896.0,-1720.0,-267.6023,12661,76561198216891576,dgt,1
100,CTSpawn,ct,-1976.0,-1656.0,-267.4583,12661,76561198067722198,luchov,1
100,CTSpawn,ct,-1800.0,-1656.0,-267.20642,12661,76561198195642865,meyern,1
100,TSpawn,t,-307.0,1216.0,-164.81482,12661,76561198036125584,Jame,1
100,TSpawn,t,32.0,1296.0,-167.96875,12662,76561198356252021,slaxejezzz,1
100,CTSpawn,ct,-1800.0,-1776.0,-263.96875,12662,76561198319723208,HUASOPEEK,1
100,TSpawn,t,32.0,1136.0,-164.78845,12662,76561198210626739,zweih,1
100,CTSpawn,ct,-1976.0,-1776.0,-263.96875,12662,76561198242950384,max,1
100,TSpawn,t,-64.0,1136.0,-164.49915,12662,76561198028292758,HObbit,1
100,TSpawn,t,-160.0,1136.0,-164.43054,12662,76561198141272052,xiELO,1
100,CTSpawn,ct,-1896.0,-1720.0,-267.6023,12662,76561198216891576,dgt,1
100,CTSpawn,ct,-1976.0,-1656.0,-267.4583,12662,76561198067722198,luchov,1
100,CTSpawn,ct,-1800.0,-1656.0,-267.20642,12662,76561198195642865,meyern,1
100,TSpawn,t,-307.0,1216.0,-164.81482,12662,76561198036125584,Jame,1
100,TSpawn,t,32.0,1296.0,-167.96875,12663,76561198356252021,slaxejezzz,1
100,CTSpawn,ct,-1800.0,-1776.0,-263.96875,12663,76561198319723208,HUASOPEEK,1
100,TSpawn,t,32.0,1136.0,-164.78845,12663,76561198210626739,zweih,1
100,CTSpawn,ct,-1976.0,-1776.0,-263.96875,12663,76561198242950384,max,1
100,TSpawn,t,-64.0,1136.0,-164.49915,12663,76561198028292758,HObbit,1
100,TSpawn,t,-160.0,1136.0,-164.43054,12663,76561198141272052,xiELO,1
100,CTSpawn,ct,-1896.0,-1720.0,-267.6023,12663,76561198216891576,dgt,1
100,CTSpawn,ct,-1976.0,-1656.0,-267.4583,12663,76561198067722198,luchov,1
100,CTSpawn,ct,-1800.0,-1656.0,-267.20642,12663,76561198195642865,meyern,1
100,TSpawn,t,-307.0,1216.0,-164.81482,12663,76561198036125584,Jame,1
100,TSpawn,t,32.0,1296.0,-167.96875,12664,76561198356252021,slaxejezzz,1
100,CTSpawn,ct,-1800.0,-1776.0,-263.96875,12664,76561198319723208,HUASOPEEK,1
100,TSpawn,t,32.0,1136.0,-164.78845,12664,76561198210626739,zweih,1
100,CTSpawn,ct,-1976.0,-1776.0,-263.96875,12664,76561198242950384,max,1
100,TSpawn,t,-64.0,1136.0,-164.49915,12664,76561198028292758,HObbit,1
100,TSpawn,t,-160.0,1136.0,-164.43054,12664,76561198141272052,xiELO,1
100,CTSpawn,ct,-1896.0,-1720.0,-267.6023,12664,76561198216891576,dgt,1
100,CTSpawn,ct,-1976.0,-1656.0,-267.4583,12664,76561198067722198,luchov,1
100,CTSpawn,ct,-1800.0,-1656.0,-267.20642,12664,76561198195642865,meyern,1
100,TSpawn,t,-307.0,1216.0,-164.81482,12664,76561198036125584,Jame,1
100,TSpawn,t,32.0,1296.0,-167.96875,12665,76561198356252021,slaxejezzz,1
100,CTSpawn,ct,-1800.0,-1776.0,-263.96875,12665,76561198319723208,HUASOPEEK,1
100,TSpawn,t,32.0,1136.0,-164.78845,12665,76561198210626739,zweih,1
100,CTSpawn,ct,-1976.0,-1776.0,-263.96875,12665,76561198242950384,max,1
100,TSpawn,t,-64.0,1136.0,-164.49915,12665,76561198028292758,HObbit,1
100,TSpawn,t,-160.0,1136.0,-164.43054,12665,76561198141272052,xiELO,1
100,CTSpawn,ct,-1896.0,-1720.0,-267.6023,12665,76561198216891576,dgt,1
100,CTSpawn,ct,-1976.0,-1656.0,-267.4583,12665,76561198067722198,luchov,1
100,CTSpawn,ct,-1800.0,-1656.0,-267.20642,12665,76561198195642865,meyern,1
100,TSpawn,t,-307.0,1216.0,-164.81482,12665,76561198036125584,Jame,1
100,TSpawn,t,32.0,1296.0,-167.96875,12666,76561198356252021,slaxejezzz,1
100,CTSpawn,ct,-1800.0,-1776.0,-263.96875,12666,76561198319723208,HUASOPEEK,1
100,TSpawn,t,32.0,1136.0,-164.78845,12666,76561198210626739,zweih,1
100,CTSpawn,ct,-1976.0,-1776.0,-263.96875,12666,76561198242950384,max,1
100,TSpawn,t,-64.0,1136.0,-164.49915,12666,76561198028292758,HObbit,1
100,TSpawn,t,-160.0,1136.0,-164.43054,12666,76561198141272052,xiELO,1
100,CTSpawn,ct,-1896.0,-1720.0,-267.6023,12666,76561198216891576,dgt,1
100,CTSpawn,ct,-1976.0,-1656.0,-267.4583,12666,76561198067722198,luchov,1
100,CTSpawn,ct,-1800.0,-1656.0,-267.20642,12666,76561198195642865,meyern,1
100,TSpawn,t,-307.0,1216.0,-164.81482,12666,76561198036125584,Jame,1
100,TSpawn,t,32.0,1296.0,-167.96875,12667,76561198356252021,slaxejezzz,1
100,CTSpawn,ct,-1800.0,-1776.0,-263.96875,12667,76561198319723208,HUASOPEEK,1
100,TSpawn,t,32.0,1136.0,-164.78845,12667,76561198210626739,zweih,1
100,CTSpawn,ct,-1976.0,-1776.0,-263.96875,12667,76561198242950384,max,1
100,TSpawn,t,-64.0,1136.0,-164.49915,12667,76561198028292758,HObbit,1
100,TSpawn,t,-160.0,1136.0,-164.43054,12667,76561198141272052,xiELO,1
100,CTSpawn,ct,-1896.0,-1720.0,-267.6023,12667,76561198216891576,dgt,1
100,CTSpawn,ct,-1976.0,-1656.0,-267.4583,12667,76561198067722198,luchov,1
100,CTSpawn,ct,-1800.0,-1656.0,-267.20642,12667,76561198195642865,meyern,1
100,TSpawn,t,-307.0,1216.0,-164.81482,12667,76561198036125584,Jame,1
100,TSpawn,t,32.0,1296.0,-167.96875,12668,76561198356252021,slaxejezzz,1
100,CTSpawn,ct,-1800.0,-1776.0,-263.96875,12668,76561198319723208,HUASOPEEK,1
100,TSpawn,t,32.0,1136.0,-164.78845,12668,76561198210626739,zweih,1
100,CTSpawn,ct,-1976.0,-1776.0,-263.96875,12668,76561198242950384,max,1
100,TSpawn,t,-64.0,1136.0,-164.49915,12668,76561198028292758,HObbit,1
100,TSpawn,t,-160.0,1136.0,-164.43054,12668,76561198141272052,xiELO,1
100,CTSpawn,ct,-1896.0,-1720.0,-267.6023,12668,76561198216891576,dgt,1
100,CTSpawn,ct,-1976.0,-1656.0,-267.4583,12668,76561198067722198,luchov,1
100,CTSpawn,ct,-1800.0,-1656.0,-267.20642,12668,76561198195642865,meyern,1
100,TSpawn,t,-307.0,1216.0,-164.81482,12668,76561198036125584,Jame,1
100,TSpawn,t,32.0,1296.0,-167.96875,12669,76561198356252021,slaxejezzz,1
100,CTSpawn,ct,-1800.0,-1776.0,-263.96875,12669,76561198319723208,HUASOPEEK,1
100,TSpawn,t,32.0,1136.0,-164.78845,12669,76561198210626739,zweih,1
100,CTSpawn,ct,-1976.0,-1776.0,-263.96875,12669,76561198242950384,max,1
100,TSpawn,t,-64.0,1136.0,-164.49915,12669,76561198028292758,HObbit,1
100,TSpawn,t,-160.0,1136.0,-164.43054,12669,76561198141272052,xiELO,1
100,CTSpawn,ct,-1896.0,-1720.0,-267.6023,12669,76561198216891576,dgt,1
100,CTSpawn,ct,-1976.0,-1656.0,-267.4583,12669,76561198067722198,luchov,1
100,CTSpawn,ct,-1800.0,-1656.0,-267.20642,12669,76561198195642865,meyern,1
100,TSpawn,t,-307.0,1216.0,-164.81482,12669,76561198036125584,Jame,1
100,TSpawn,t,32.0,1296.0,-167.96875,12670,76561198356252021,slaxejezzz,1
100,CTSpawn,ct,-1800.0,-1776.0,-263.96875,12670,76561198319723208,HUASOPEEK,1
100,TSpawn,t,32.0,1136.0,-164.78845,12670,76561198210626739,zweih,1
100,CTSpawn,ct,-1976.0,-1776.0,-263.96875,12670,76561198242950384,max,1
100,TSpawn,t,-64.0,1136.0,-164.49915,12670,76561198028292758,HObbit,1
100,TSpawn,t,-160.0,1136.0,-164.43054,12670,76561198141272052,xiELO,1
100,CTSpawn,ct,-1896.0,-1720.0,-267.6023,12670,76561198216891576,dgt,1
100,CTSpawn,ct,-1976.0,-1656.0,-267.4583,12670,76561198067722198,luchov,1
100,CTSpawn,ct,-1800.0,-1656.0,-267.20642,12670,76561198195642865,meyern,1
100,TSpawn,t,-307.0,1216.0,-164.81482,12670,76561198036125584,Jame,1
100,TSpawn,t,32.0,1296.0,-167.96875,12671,76561198356252021,slaxejezzz,1
100,CTSpawn,ct,-1800.0,-1776.0,-263.96875,12671,76561198319723208,HUASOPEEK,1
100,TSpawn,t,32.0,1136.0,-164.78845,12671,76561198210626739,zweih,1
100,CTSpawn,ct,-1976.0,-1776.0,-263.96875,12671,76561198242950384,max,1
100,TSpawn,t,-64.0,1136.0,-164.49915,12671,76561198028292758,HObbit,1
100,TSpawn,t,-160.0,1136.0,-164.43054,12671,76561198141272052,xiELO,1
100,CTSpawn,ct,-1896.0,-1720.0,-267.6023,12671,76561198216891576,dgt,1
100,CTSpawn,ct,-1976.0,-1656.0,-267.4583,12671,76561198067722198,luchov,1
100,CTSpawn,ct,-1800.0,-1656.0,-267.20642,12671,76561198195642865,meyern,1
100,TSpawn,t,-307.0,1216.0,-164.81482,12671,76561198036125584,Jame,1
100,TSpawn,t,32.0,1296.0,-167.96875,12672,76561198356252021,slaxejezzz,1
100,CTSpawn,ct,-1800.0,-1776.0,-263.96875,12672,76561198319723208,HUASOPEEK,1
100,TSpawn,t,32.0,1136.0,-164.78845,12672,76561198210626739,zweih,1
100,CTSpawn,ct,-1976.0,-1776.0,-263.96875,12672,76561198242950384,max,1
100,TSpawn,t,-64.0,1136.0,-164.49915,12672,76561198028292758,HObbit,1
100,TSpawn,t,-160.0,1136.0,-164.43054,12672,76561198141272052,xiELO,1
100,CTSpawn,ct,-1896.0,-1720.0,-267.6023,12672,76561198216891576,dgt,1
100,CTSpawn,ct,-1976.0,-1656.0,-267.4583,12672,76561198067722198,luchov,1
100,CTSpawn,ct,-1800.0,-1656.0,-267.20642,12672,76561198195642865,meyern,1
100,TSpawn,t,-307.0,1216.0,-164.81482,12672,76561198036125584,Jame,1
100,TSpawn,t,32.0,1296.0,-167.96875,12673,76561198356252021,slaxejezzz,1
100,CTSpawn,ct,-1800.0,-1776.0,-263.96875,12673,76561198319723208,HUASOPEEK,1
100,TSpawn,t,32.0,1136.0,-164.78845,12673,76561198210626739,zweih,1
100,CTSpawn,ct,-1976.0,-1776.0,-263.96875,12673,76561198242950384,max,1
100,TSpawn,t,-64.0,1136.0,-164.49915,12673,76561198028292758,HObbit,1
100,TSpawn,t,-160.0,1136.0,-164.43054,12673,76561198141272052,xiELO,1
100,CTSpawn,ct,-1896.0,-1720.0,-267.6023,12673,76561198216891576,dgt,1
100,CTSpawn,ct,-1976.0,-1656.0,-267.4583,12673,76561198067722198,luchov,1
100,CTSpawn,ct,-1800.0,-1656.0,-267.20642,12673,76561198195642865,meyern,1
100,TSpawn,t,-307.0,1216.0,-164.81482,12673,76561198036125584,Jame,1
100,TSpawn,t,32.0,1296.0,-167.96875,12674,76561198356252021,slaxejezzz,1
100,CTSpawn,ct,-1800.0,-1776.0,-263.96875,12674,76561198319723208,HUASOPEEK,1
100,TSpawn,t,32.0,1136.0,-164.78845,12674,76561198210626739,zweih,1
100,CTSpawn,ct,-1976.0,-1776.0,-263.96875,12674,76561198242950384,max,1
100,TSpawn,t,-64.0,1136.0,-164.49915,12674,76561198028292758,HObbit,1
100,TSpawn,t,-160.0,1136.0,-164.43054,12674,76561198141272052,xiELO,1
100,CTSpawn,ct,-1896.0,-1720.0,-267.6023,12674,76561198216891576,dgt,1
100,CTSpawn,ct,-1976.0,-1656.0,-267.4583,12674,76561198067722198,luchov,1
100,CTSpawn,ct,-1800.0,-1656.0,-267.20642,12674,76561198195642865,meyern,1
100,TSpawn,t,-307.0,1216.0,-164.81482,12674,76561198036125584,Jame,1
100,TSpawn,t,32.0,1296.0,-167.96875,12675,76561198356252021,slaxejezzz,1
100,CTSpawn,ct,-1800.0,-1776.0,-263.96875,12675,76561198319723208,HUASOPEEK,1
100,TSpawn,t,32.0,1136.0,-164.78845,12675,76561198210626739,zweih,1
100,CTSpawn,ct,-1976.0,-1776.0,-263.96875,12675,76561198242950384,max,1
100,TSpawn,t,-64.0,1136.0,-164.49915,12675,76561198028292758,HObbit,1
100,TSpawn,t,-160.0,1136.0,-164.43054,12675,76561198141272052,xiELO,1
100,CTSpawn,ct,-1896.0,-1720.0,-267.6023,12675,76561198216891576,dgt,1
100,CTSpawn,ct,-1976.0,-1656.0,-267.4583,12675,76561198067722198,luchov,1
100,CTSpawn,ct,-1800.0,-1656.0,-267.20642,12675,76561198195642865,meyern,1
100,TSpawn,t,-307.0,1216.0,-164.81482,12675,76561198036125584,Jame,1
100,TSpawn,t,32.0,1296.0,-167.96875,12676,76561198356252021,slaxejezzz,1
100,CTSpawn,ct,-1800.0,-1776.0,-263.96875,12676,76561198319723208,HUASOPEEK,1
100,TSpawn,t,32.0,1136.0,-164.78845,12676,76561198210626739,zweih,1
100,CTSpawn,ct,-1976.0,-1776.0,-263.96875,12676,76561198242950384,max,1
100,TSpawn,t,-64.0,1136.0,-164.49915,12676,76561198028292758,HObbit,1
100,TSpawn,t,-160.0,1136.0,-164.43054,12676,76561198141272052,xiELO,1
100,CTSpawn,ct,-1896.0,-1720.0,-267.6023,12676,76561198216891576,dgt,1
100,CTSpawn,ct,-1976.0,-1656.0,-267.4583,12676,76561198067722198,luchov,1
100,CTSpawn,ct,-1800.0,-1656.0,-267.20642,12676,76561198195642865,meyern,1
100,TSpawn,t,-307.0,1216.0,-164.81482,12676,76561198036125584,Jame,1
100,TSpawn,t,32.0,1296.0,-167.96875,12677,76561198356252021,slaxejezzz,1
100,CTSpawn,ct,-1800.0,-1776.0,-263.96875,12677,76561198319723208,HUASOPEEK,1
100,TSpawn,t,32.0,1136.0,-164.78845,12677,76561198210626739,zweih,1
100,CTSpawn,ct,-1976.0,-1776.0,-263.96875,12677,76561198242950384,max,1
100,TSpawn,t,-64.0,1136.0,-164.49915,12677,76561198028292758,HObbit,1
100,TSpawn,t,-160.0,1136.0,-164.43054,12677,76561198141272052,xiELO,1
100,CTSpawn,ct,-1896.0,-1720.0,-267.6023,12677,76561198216891576,dgt,1
100,CTSpawn,ct,-1976.0,-1656.0,-267.4583,12677,76561198067722198,luchov,1
100,CTSpawn,ct,-1800.0,-1656.0,-267.20642,12677,76561198195642865,meyern,1
100,TSpawn,t,-307.0,1216.0,-164.81482,12677,76561198036125584,Jame,1
100,TSpawn,t,32.0,1296.0,-167.96875,12678,76561198356252021,slaxejezzz,1
100,CTSpawn,ct,-1800.0,-1776.0,-263.96875,12678,76561198319723208,HUASOPEEK,1
100,TSpawn,t,32.0,1136.0,-164.78845,12678,76561198210626739,zweih,1
100,CTSpawn,ct,-1976.0,-1776.0,-263.96875,12678,76561198242950384,max,1
100,TSpawn,t,-64.0,1136.0,-164.49915,12678,76561198028292758,HObbit,1
100,TSpawn,t,-160.0,1136.0,-164.43054,12678,76561198141272052,xiELO,1
100,CTSpawn,ct,-1896.0,-1720.0,-267.6023,12678,76561198216891576,dgt,1
100,CTSpawn,ct,-1976.0,-1656.0,-267.4583,12678,76561198067722198,luchov,1
100,CTSpawn,ct,-1800.0,-1656.0,-267.20642,12678,76561198195642865,meyern,1
100,TSpawn,t,-307.0,1216.0,-164.81482,12678,76561198036125584,Jame,1
100,TSpawn,t,32.0,1296.0,-167.96875,12679,76561198356252021,slaxejezzz,1
100,CTSpawn,ct,-1800.0,-1776.0,-263.96875,12679,76561198319723208,HUASOPEEK,1
100,TSpawn,t,32.0,1136.0,-164.78845,12679,76561198210626739,zweih,1
100,CTSpawn,ct,-1976.0,-1776.0,-263.96875,12679,76561198242950384,max,1
100,TSpawn,t,-64.0,1136.0,-164.49915,12679,76561198028292758,HObbit,1
100,TSpawn,t,-160.0,1136.0,-164.43054,12679,76561198141272052,xiELO,1
100,CTSpawn,ct,-1896.0,-1720.0,-267.6023,12679,76561198216891576,dgt,1
100,CTSpawn,ct,-1976.0,-1656.0,-267.4583,12679,76561198067722198,luchov,1
100,CTSpawn,ct,-1800.0,-1656.0,-267.20642,12679,76561198195642865,meyern,1
100,TSpawn,t,-307.0,1216.0,-164.81482,12679,76561198036125584,Jame,1
100,TSpawn,t,32.0,1296.0,-167.96875,12680,76561198356252021,slaxejezzz,1
100,CTSpawn,ct,-1800.0,-1776.0,-263.96875,12680,76561198319723208,HUASOPEEK,1
100,TSpawn,t,32.0,1136.0,-164.78845,12680,76561198210626739,zweih,1
100,CTSpawn,ct,-1976.0,-1776.0,-263.96875,12680,76561198242950384,max,1
100,TSpawn,t,-64.0,1136.0,-164.49915,12680,76561198028292758,HObbit,1
100,TSpawn,t,-160.0,1136.0,-164.43054,12680,76561198141272052,xiELO,1
100,CTSpawn,ct,-1896.0,-1720.0,-267.6023,12680,76561198216891576,dgt,1
100,CTSpawn,ct,-1976.0,-1656.0,-267.4583,12680,76561198067722198,luchov,1
100,CTSpawn,ct,-1800.0,-1656.0,-267.20642,12680,76561198195642865,meyern,1
100,TSpawn,t,-307.0,1216.0,-164.81482,12680,76561198036125584,Jame,1
100,TSpawn,t,32.0,1296.0,-167.96875,12681,76561198356252021,slaxejezzz,1
100,CTSpawn,ct,-1800.0,-1776.0,-263.96875,12681,76561198319723208,HUASOPEEK,1
100,TSpawn,t,32.0,1136.0,-164.78845,12681,76561198210626739,zweih,1
100,CTSpawn,ct,-1976.0,-1776.0,-263.96875,12681,76561198242950384,max,1
100,TSpawn,t,-64.0,1136.0,-164.49915,12681,76561198028292758,HObbit,1
100,TSpawn,t,-160.0,1136.0,-164.43054,12681,76561198141272052,xiELO,1
100,CTSpawn,ct,-1896.0,-1720.0,-267.6023,12681,76561198216891576,dgt,1
100,CTSpawn,ct,-1976.0,-1656.0,-267.4583,12681,76561198067722198,luchov,1
100,CTSpawn,ct,-1800.0,-1656.0,-267.20642,12681,76561198195642865,meyern,1
100,TSpawn,t,-307.0,1216.0,-164.81482,12681,76561198036125584,Jame,1
100,TSpawn,t,32.0,1296.0,-167.96875,12682,76561198356252021,slaxejezzz,1
100,CTSpawn,ct,-1800.0,-1776.0,-263.96875,12682,76561198319723208,HUASOPEEK,1
100,TSpawn,t,32.0,1136.0,-164.78845,12682,76561198210626739,zweih,1
100,CTSpawn,ct,-1976.0,-1776.0,-263.96875,12682,76561198242950384,max,1
100,TSpawn,t,-64.0,1136.0,-164.49915,12682,76561198028292758,HObbit,1
100,TSpawn,t,-160.0,1136.0,-164.43054,12682,76561198141272052,xiELO,1
100,CTSpawn,ct,-1896.0,-1720.0,-267.6023,12682,76561198216891576,dgt,1
100,CTSpawn,ct,-1976.0,-1656.0,-267.4583,12682,76561198067722198,luchov,1
100,CTSpawn,ct,-1800.0,-1656.0,-267.20642,12682,76561198195642865,meyern,1
100,TSpawn,t,-307.0,1216.0,-164.81482,12682,76561198036125584,Jame,1
100,TSpawn,t,32.0,1296.0,-167.96875,12683,76561198356252021,slaxejezzz,1
100,CTSpawn,ct,-1800.0,-1776.0,-263.96875,12683,76561198319723208,HUASOPEEK,1
100,TSpawn,t,32.0,1136.0,-164.78845,12683,76561198210626739,zweih,1
100,CTSpawn,ct,-1976.0,-1776.0,-263.96875,12683,76561198242950384,max,1
100,TSpawn,t,-64.0,1136.0,-164.49915,12683,76561198028292758,HObbit,1
100,TSpawn,t,-160.0,1136.0,-164.43054,12683,76561198141272052,xiELO,1
100,CTSpawn,ct,-1896.0,-1720.0,-267.6023,12683,76561198216891576,dgt,1
100,CTSpawn,ct,-1976.0,-1656.0,-267.4583,12683,76561198067722198,luchov,1
100,CTSpawn,ct,-1800.0,-1656.0,-267.20642,12683,76561198195642865,meyern,1
100,TSpawn,t,-307.0,1216.0,-164.81482,12683,76561198036125584,Jame,1
100,TSpawn,t,32.0,1296.0,-167.96875,12684,76561198356252021,slaxejezzz,1
100,CTSpawn,ct,-1800.0,-1776.0,-263.96875,12684,76561198319723208,HUASOPEEK,1
100,TSpawn,t,32.0,1136.0,-164.78845,12684,76561198210626739,zweih,1
100,CTSpawn,ct,-1976.0,-1776.0,-263.96875,12684,76561198242950384,max,1
100,TSpawn,t,-64.0,1136.0,-164.49915,12684,76561198028292758,HObbit,1
100,TSpawn,t,-160.0,1136.0,-164.43054,12684,76561198141272052,xiELO,1
100,CTSpawn,ct,-1896.0,-1720.0,-267.6023,12684,76561198216891576,dgt,1
100,CTSpawn,ct,-1976.0,-1656.0,-267.4583,12684,76561198067722198,luchov,1
100,CTSpawn,ct,-1800.0,-1656.0,-267.20642,12684,76561198195642865,meyern,1
100,TSpawn,t,-307.0,1216.0,-164.81482,12684,76561198036125584,Jame,1
100,TSpawn,t,32.0,1296.0,-167.96875,12685,76561198356252021,slaxejezzz,1
100,CTSpawn,ct,-1800.0,-1776.0,-263.96875,12685,76561198319723208,HUASOPEEK,1
100,TSpawn,t,32.0,1136.0,-164.78845,12685,76561198210626739,zweih,1
100,CTSpawn,ct,-1976.0,-1776.0,-263.96875,12685,76561198242950384,max,1
100,TSpawn,t,-64.0,1136.0,-164.49915,12685,76561198028292758,HObbit,1
100,TSpawn,t,-160.0,1136.0,-164.43054,12685,76561198141272052,xiELO,1
100,CTSpawn,ct,-1896.0,-1720.0,-267.6023,12685,76561198216891576,dgt,1
100,CTSpawn,ct,-1976.0,-1656.0,-267.4583,12685,76561198067722198,luchov,1
100,CTSpawn,ct,-1800.0,-1656.0,-267.20642,12685,76561198195642865,meyern,1
100,TSpawn,t,-307.0,1216.0,-164.81482,12685,76561198036125584,Jame,1
100,TSpawn,t,32.0,1296.0,-167.96875,12686,76561198356252021,slaxejezzz,1
100,CTSpawn,ct,-1800.0,-1776.0,-263.96875,12686,76561198319723208,HUASOPEEK,1
100,TSpawn,t,32.0,1136.0,-164.78845,12686,76561198210626739,zweih,1
100,CTSpawn,ct,-1976.0,-1776.0,-263.96875,12686,76561198242950384,max,1
100,TSpawn,t,-64.0,1136.0,-164.49915,12686,76561198028292758,HObbit,1
100,TSpawn,t,-160.0,1136.0,-164.43054,12686,76561198141272052,xiELO,1
100,CTSpawn,ct,-1896.0,-1720.0,-267.6023,12686,76561198216891576,dgt,1
100,CTSpawn,ct,-1976.0,-1656.0,-267.4583,12686,76561198067722198,luchov,1
100,CTSpawn,ct,-1800.0,-1656.0,-267.20642,12686,76561198195642865,meyern,1
100,TSpawn,t,-307.0,1216.0,-164.81482,12686,76561198036125584,Jame,1
100,TSpawn,t,32.0,1296.0,-167.96875,12687,76561198356252021,slaxejezzz,1
100,CTSpawn,ct,-1800.0,-1776.0,-263.96875,12687,76561198319723208,HUASOPEEK,1
100,TSpawn,t,32.0,1136.0,-164.78845,12687,76561198210626739,zweih,1
100,CTSpawn,ct,-1976.0,-1776.0,-263.96875,12687,76561198242950384,max,1
100,TSpawn,t,-64.0,1136.0,-164.49915,12687,76561198028292758,HObbit,1
100,TSpawn,t,-160.0,1136.0,-164.43054,12687,76561198141272052,xiELO,1
100,CTSpawn,ct,-1896.0,-1720.0,-267.6023,12687,76561198216891576,dgt,1
100,CTSpawn,ct,-1976.0,-1656.0,-267.4583,12687,76561198067722198,luchov,1
100,CTSpawn,ct,-1800.0,-1656.0,-267.20642,12687,76561198195642865,meyern,1
100,TSpawn,t,-307.0,1216.0,-164.81482,12687,76561198036125584,Jame,1
100,TSpawn,t,32.0,1296.0,-167.96875,12688,76561198356252021,slaxejezzz,1
100,CTSpawn,ct,-1800.0,-1776.0,-263.96875,12688,76561198319723208,HUASOPEEK,1
100,TSpawn,t,32.0,1136.0,-164.78845,12688,76561198210626739,zweih,1
100,CTSpawn,ct,-1976.0,-1776.0,-263.96875,12688,76561198242950384,max,1
100,TSpawn,t,-64.0,1136.0,-164.49915,12688,76561198028292758,HObbit,1
100,TSpawn,t,-160.0,1136.0,-164.43054,12688,76561198141272052,xiELO,1
100,CTSpawn,ct,-1896.0,-1720.0,-267.6023,12688,76561198216891576,dgt,1
100,CTSpawn,ct,-1976.0,-1656.0,-267.4583,12688,76561198067722198,luchov,1
100,CTSpawn,ct,-1800.0,-1656.0,-267.20642,12688,76561198195642865,meyern,1
100,TSpawn,t,-307.0,1216.0,-164.81482,12688,76561198036125584,Jame,1
100,TSpawn,t,32.0,1296.0,-167.96875,12689,76561198356252021,slaxejezzz,1
100,CTSpawn,ct,-1800.0,-1776.0,-263.96875,12689,76561198319723208,HUASOPEEK,1
100,TSpawn,t,32.0,1136.0,-164.78845,12689,76561198210626739,zweih,1
100,CTSpawn,ct,-1976.0,-1776.0,-263.96875,12689,76561198242950384,max,1
100,TSpawn,t,-64.0,1136.0,-164.49915,12689,76561198028292758,HObbit,1
100,TSpawn,t,-160.0,1136.0,-164.43054,12689,76561198141272052,xiELO,1
100,CTSpawn,ct,-1896.0,-1720.0,-267.6023,12689,76561198216891576,dgt,1
100,CTSpawn,ct,-1976.0,-1656.0,-267.4583,12689,76561198067722198,luchov,1
100,CTSpawn,ct,-1800.0,-1656.0,-267.20642,12689,76561198195642865,meyern,1
100,TSpawn,t,-307.0,1216.0,-164.81482,12689,76561198036125584,Jame,1
100,TSpawn,t,32.0,1296.0,-167.96875,12690,76561198356252021,slaxejezzz,1
100,CTSpawn,ct,-1800.0,-1776.0,-263.96875,12690,76561198319723208,HUASOPEEK,1
100,TSpawn,t,32.0,1136.0,-164.78845,12690,76561198210626739,zweih,1
100,CTSpawn,ct,-1976.0,-1776.0,-263.96875,12690,76561198242950384,max,1
100,TSpawn,t,-64.0,1136.0,-164.49915,12690,76561198028292758,HObbit,1
100,TSpawn,t,-160.0,1136.0,-164.43054,12690,76561198141272052,xiELO,1
100,CTSpawn,ct,-1896.0,-1720.0,-267.6023,12690,76561198216891576,dgt,1
100,CTSpawn,ct,-1976.0,-1656.0,-267.4583,12690,76561198067722198,luchov,1
100,CTSpawn,ct,-1800.0,-1656.0,-267.20642,12690,76561198195642865,meyern,1
100,TSpawn,t,-307.0,1216.0,-164.81482,12690,76561198036125584,Jame,1
100,TSpawn,t,32.0,1296.0,-167.96875,12691,76561198356252021,slaxejezzz,1
100,CTSpawn,ct,-1800.0,-1776.0,-263.96875,12691,76561198319723208,HUASOPEEK,1
100,TSpawn,t,32.0,1136.0,-164.78845,12691,76561198210626739,zweih,1
100,CTSpawn,ct,-1976.0,-1776.0,-263.96875,12691,76561198242950384,max,1
100,TSpawn,t,-64.0,1136.0,-164.49915,12691,76561198028292758,HObbit,1
100,TSpawn,t,-160.0,1136.0,-164.43054,12691,76561198141272052,xiELO,1
100,CTSpawn,ct,-1896.0,-1720.0,-267.6023,12691,76561198216891576,dgt,1
100,CTSpawn,ct,-1976.0,-1656.0,-267.4583,12691,76561198067722198,luchov,1
100,CTSpawn,ct,-1800.0,-1656.0,-267.20642,12691,76561198195642865,meyern,1
100,TSpawn,t,-307.0,1216.0,-164.81482,12691,76561198036125584,Jame,1
100,TSpawn,t,32.0,1296.0,-167.96875,12692,76561198356252021,slaxejezzz,1
100,CTSpawn,ct,-1800.0,-1776.0,-263.96875,12692,76561198319723208,HUASOPEEK,1
100,TSpawn,t,32.0,1136.0,-164.78845,12692,76561198210626739,zweih,1
100,CTSpawn,ct,-1976.0,-1776.0,-263.96875,12692,76561198242950384,max,1
100,TSpawn,t,-64.0,1136.0,-164.49915,12692,76561198028292758,HObbit,1
100,TSpawn,t,-160.0,1136.0,-164.43054,12692,76561198141272052,xiELO,1
100,CTSpawn,ct,-1896.0,-1720.0,-267.6023,12692,76561198216891576,dgt,1
100,CTSpawn,ct,-1976.0,-1656.0,-267.4583,12692,76561198067722198,luchov,1
100,CTSpawn,ct,-1800.0,-1656.0,-267.20642,12692,76561198195642865,meyern,1
100,TSpawn,t,-307.0,1216.0,-164.81482,12692,76561198036125584,Jame,1
100,TSpawn,t,32.0,1296.0,-167.96875,12693,76561198356252021,slaxejezzz,1
100,CTSpawn,ct,-1800.0,-1776.0,-263.96875,12693,76561198319723208,HUASOPEEK,1
100,TSpawn,t,32.0,1136.0,-164.78845,12693,76561198210626739,zweih,1
100,CTSpawn,ct,-1976.0,-1776.0,-263.96875,12693,76561198242950384,max,1
100,TSpawn,t,-64.0,1136.0,-164.49915,12693,76561198028292758,HObbit,1
100,TSpawn,t,-160.0,1136.0,-164.43054,12693,76561198141272052,xiELO,1
100,CTSpawn,ct,-1896.0,-1720.0,-267.6023,12693,76561198216891576,dgt,1
100,CTSpawn,ct,-1976.0,-1656.0,-267.4583,12693,76561198067722198,luchov,1
100,CTSpawn,ct,-1800.0,-1656.0,-267.20642,12693,76561198195642865,meyern,1
100,TSpawn,t,-307.0,1216.0,-164.81482,12693,76561198036125584,Jame,1
100,TSpawn,t,32.0,1296.0,-167.96875,12694,76561198356252021,slaxejezzz,1
100,CTSpawn,ct,-1800.0,-1776.0,-263.96875,12694,76561198319723208,HUASOPEEK,1
100,TSpawn,t,32.0,1136.0,-164.78845,12694,76561198210626739,zweih,1
100,CTSpawn,ct,-1976.0,-1776.0,-263.96875,12694,76561198242950384,max,1
100,TSpawn,t,-64.0,1136.0,-164.49915,12694,76561198028292758,HObbit,1
100,TSpawn,t,-160.0,1136.0,-164.43054,12694,76561198141272052,xiELO,1
100,CTSpawn,ct,-1896.0,-1720.0,-267.6023,12694,76561198216891576,dgt,1
100,CTSpawn,ct,-1976.0,-1656.0,-267.4583,12694,76561198067722198,luchov,1
100,CTSpawn,ct,-1800.0,-1656.0,-267.20642,12694,76561198195642865,meyern,1
100,TSpawn,t,-307.0,1216.0,-164.81482,12694,76561198036125584,Jame,1
100,TSpawn,t,32.0,1296.0,-167.96875,12695,76561198356252021,slaxejezzz,1
100,CTSpawn,ct,-1800.0,-1776.0,-263.96875,12695,76561198319723208,HUASOPEEK,1
100,TSpawn,t,32.0,1136.0,-164.78845,12695,76561198210626739,zweih,1
100,CTSpawn,ct,-1976.0,-1776.0,-263.96875,12695,76561198242950384,max,1
100,TSpawn,t,-64.0,1136.0,-164.49915,12695,76561198028292758,HObbit,1
100,TSpawn,t,-160.0,1136.0,-164.43054,12695,76561198141272052,xiELO,1
100,CTSpawn,ct,-1896.0,-1720.0,-267.6023,12695,76561198216891576,dgt,1
100,CTSpawn,ct,-1976.0,-1656.0,-267.4583,12695,76561198067722198,luchov,1
100,CTSpawn,ct,-1800.0,-1656.0,-267.20642,12695,76561198195642865,meyern,1
100,TSpawn,t,-307.0,1216.0,-164.81482,12695,76561198036125584,Jame,1
100,TSpawn,t,32.0,1296.0,-167.96875,12696,76561198356252021,slaxejezzz,1
100,CTSpawn,ct,-1800.0,-1776.0,-263.96875,12696,76561198319723208,HUASOPEEK,1
100,TSpawn,t,32.0,1136.0,-164.78845,12696,76561198210626739,zweih,1
100,CTSpawn,ct,-1976.0,-1776.0,-263.96875,12696,76561198242950384,max,1
100,TSpawn,t,-64.0,1136.0,-164.49915,12696,76561198028292758,HObbit,1
100,TSpawn,t,-160.0,1136.0,-164.43054,12696,76561198141272052,xiELO,1
100,CTSpawn,ct,-1896.0,-1720.0,-267.6023,12696,76561198216891576,dgt,1
100,CTSpawn,ct,-1976.0,-1656.0,-267.4583,12696,76561198067722198,luchov,1
100,CTSpawn,ct,-1800.0,-1656.0,-267.20642,12696,76561198195642865,meyern,1
100,TSpawn,t,-307.0,1216.0,-164.81482,12696,76561198036125584,Jame,1
100,TSpawn,t,32.0,1296.0,-167.96875,12697,76561198356252021,slaxejezzz,1
100,CTSpawn,ct,-1800.0,-1776.0,-263.96875,12697,76561198319723208,HUASOPEEK,1
100,TSpawn,t,32.0,1136.0,-164.78845,12697,76561198210626739,zweih,1
100,CTSpawn,ct,-1976.0,-1776.0,-263.96875,12697,76561198242950384,max,1
100,TSpawn,t,-64.0,1136.0,-164.49915,12697,76561198028292758,HObbit,1
100,TSpawn,t,-160.0,1136.0,-164.43054,12697,76561198141272052,xiELO,1
100,CTSpawn,ct,-1896.0,-1720.0,-267.6023,12697,76561198216891576,dgt,1
100,CTSpawn,ct,-1976.0,-1656.0,-267.4583,12697,76561198067722198,luchov,1
100,CTSpawn,ct,-1800.0,-1656.0,-267.20642,12697,76561198195642865,meyern,1
100,TSpawn,t,-307.0,1216.0,-164.81482,12697,76561198036125584,Jame,1
100,TSpawn,t,32.0,1296.0,-167.96875,12698,76561198356252021,slaxejezzz,1
100,CTSpawn,ct,-1800.0,-1776.0,-263.96875,12698,76561198319723208,HUASOPEEK,1
100,TSpawn,t,32.0,1136.0,-164.78845,12698,76561198210626739,zweih,1
100,CTSpawn,ct,-1976.0,-1776.0,-263.96875,12698,76561198242950384,max,1
100,TSpawn,t,-64.0,1136.0,-164.49915,12698,76561198028292758,HObbit,1
100,TSpawn,t,-160.0,1136.0,-164.43054,12698,76561198141272052,xiELO,1
100,CTSpawn,ct,-1896.0,-1720.0,-267.6023,12698,76561198216891576,dgt,1
100,CTSpawn,ct,-1976.0,-1656.0,-267.4583,12698,76561198067722198,luchov,1
100,CTSpawn,ct,-1800.0,-1656.0,-267.20642,12698,76561198195642865,meyern,1
100,TSpawn,t,-307.0,1216.0,-164.81482,12698,76561198036125584,Jame,1
100,TSpawn,t,32.0,1296.0,-167.96875,12699,76561198356252021,slaxejezzz,1
100,CTSpawn,ct,-1800.0,-1776.0,-263.96875,12699,76561198319723208,HUASOPEEK,1
100,TSpawn,t,32.0,1136.0,-164.78845,12699,76561198210626739,zweih,1
100,CTSpawn,ct,-1976.0,-1776.0,-263.96875,12699,76561198242950384,max,1
100,TSpawn,t,-64.0,1136.0,-164.49915,12699,76561198028292758,HObbit,1
100,TSpawn,t,-160.0,1136.0,-164.43054,12699,76561198141272052,xiELO,1
100,CTSpawn,ct,-1896.0,-1720.0,-267.6023,12699,76561198216891576,dgt,1
100,CTSpawn,ct,-1976.0,-1656.0,-267.4583,12699,76561198067722198,luchov,1
100,CTSpawn,ct,-1800.0,-1656.0,-267.20642,12699,76561198195642865,meyern,1
100,TSpawn,t,-307.0,1216.0,-164.81482,12699,76561198036125584,Jame,1
100,TSpawn,t,32.0,1296.0,-167.96875,12700,76561198356252021,slaxejezzz,1
100,CTSpawn,ct,-1800.0,-1776.0,-263.96875,12700,76561198319723208,HUASOPEEK,1
100,TSpawn,t,32.0,1136.0,-164.78845,12700,76561198210626739,zweih,1
100,CTSpawn,ct,-1976.0,-1776.0,-263.96875,12700,76561198242950384,max,1
100,TSpawn,t,-64.0,1136.0,-164.49915,12700,76561198028292758,HObbit,1
100,TSpawn,t,-160.0,1136.0,-164.43054,12700,76561198141272052,xiELO,1
100,CTSpawn,ct,-1896.0,-1720.0,-267.6023,12700,76561198216891576,dgt,1
100,CTSpawn,ct,-1976.0,-1656.0,-267.4583,12700,76561198067722198,luchov,1
100,CTSpawn,ct,-1800.0,-1656.0,-267.20642,12700,76561198195642865,meyern,1
100,TSpawn,t,-307.0,1216.0,-164.81482,12700,76561198036125584,Jame,1
100,TSpawn,t,32.0,1296.0,-167.96875,12701,76561198356252021,slaxejezzz,1
100,CTSpawn,ct,-1800.0,-1776.0,-263.96875,12701,76561198319723208,HUASOPEEK,1
100,TSpawn,t,32.0,1136.0,-164.78845,12701,76561198210626739,zweih,1
100,CTSpawn,ct,-1976.0,-1776.0,-263.96875,12701,76561198242950384,max,1
100,TSpawn,t,-64.0,1136.0,-164.49915,12701,76561198028292758,HObbit,1
100,TSpawn,t,-160.0,1136.0,-164.43054,12701,76561198141272052,xiELO,1
100,CTSpawn,ct,-1896.0,-1720.0,-267.6023,12701,76561198216891576,dgt,1
100,CTSpawn,ct,-1976.0,-1656.0,-267.4583,12701,76561198067722198,luchov,1
100,CTSpawn,ct,-1800.0,-1656.0,-267.20642,12701,76561198195642865,meyern,1
100,TSpawn,t,-307.0,1216.0,-164.81482,12701,76561198036125584,Jame,1
100,TSpawn,t,32.0,1296.0,-167.96875,12702,76561198356252021,slaxejezzz,1
100,CTSpawn,ct,-1800.0,-1776.0,-263.96875,12702,76561198319723208,HUASOPEEK,1
100,TSpawn,t,32.0,1136.0,-164.78845,12702,76561198210626739,zweih,1
100,CTSpawn,ct,-1976.0,-1776.0,-263.96875,12702,76561198242950384,max,1
100,TSpawn,t,-64.0,1136.0,-164.49915,12702,76561198028292758,HObbit,1
100,TSpawn,t,-160.0,1136.0,-164.43054,12702,76561198141272052,xiELO,1
100,CTSpawn,ct,-1896.0,-1720.0,-267.6023,12702,76561198216891576,dgt,1
100,CTSpawn,ct,-1976.0,-1656.0,-267.4583,12702,76561198067722198,luchov,1
100,CTSpawn,ct,-1800.0,-1656.0,-267.20642,12702,76561198195642865,meyern,1
100,TSpawn,t,-307.0,1216.0,-164.81482,12702,76561198036125584,Jame,1
100,TSpawn,t,32.0,1296.0,-167.96875,12703,76561198356252021,slaxejezzz,1
100,CTSpawn,ct,-1800.0,-1776.0,-263.96875,12703,76561198319723208,HUASOPEEK,1
100,TSpawn,t,32.0,1136.0,-164.78845,12703,76561198210626739,zweih,1
100,CTSpawn,ct,-1976.0,-1776.0,-263.96875,12703,76561198242950384,max,1
100,TSpawn,t,-64.0,1136.0,-164.49915,12703,76561198028292758,HObbit,1
100,TSpawn,t,-160.0,1136.0,-164.43054,12703,76561198141272052,xiELO,1
100,CTSpawn,ct,-1896.0,-1720.0,-267.6023,12703,76561198216891576,dgt,1
100,CTSpawn,ct,-1976.0,-1656.0,-267.4583,12703,76561198067722198,luchov,1
100,CTSpawn,ct,-1800.0,-1656.0,-267.20642,12703,76561198195642865,meyern,1
100,TSpawn,t,-307.0,1216.0,-164.81482,12703,76561198036125584,Jame,1
100,TSpawn,t,32.0,1296.0,-167.96875,12704,76561198356252021,slaxejezzz,1
100,CTSpawn,ct,-1800.0,-1776.0,-263.96875,12704,76561198319723208,HUASOPEEK,1
100,TSpawn,t,32.0,1136.0,-164.78845,12704,76561198210626739,zweih,1
100,CTSpawn,ct,-1976.0,-1776.0,-263.96875,12704,76561198242950384,max,1
100,TSpawn,t,-64.0,1136.0,-164.49915,12704,76561198028292758,HObbit,1
100,TSpawn,t,-160.0,1136.0,-164.43054,12704,76561198141272052,xiELO,1
100,CTSpawn,ct,-1896.0,-1720.0,-267.6023,12704,76561198216891576,dgt,1
100,CTSpawn,ct,-1976.0,-1656.0,-267.4583,12704,76561198067722198,luchov,1
100,CTSpawn,ct,-1800.0,-1656.0,-267.20642,12704,76561198195642865,meyern,1
100,TSpawn,t,-307.0,1216.0,-164.81482,12704,76561198036125584,Jame,1
100,TSpawn,t,32.0,1296.0,-167.96875,12705,76561198356252021,slaxejezzz,1
100,CTSpawn,ct,-1800.0,-1776.0,-263.96875,12705,76561198319723208,HUASOPEEK,1
100,TSpawn,t,32.0,1136.0,-164.78845,12705,76561198210626739,zweih,1
100,CTSpawn,ct,-1976.0,-1776.0,-263.96875,12705,76561198242950384,max,1
100,TSpawn,t,-64.0,1136.0,-164.49915,12705,76561198028292758,HObbit,1
100,TSpawn,t,-160.0,1136.0,-164.43054,12705,76561198141272052,xiELO,1
100,CTSpawn,ct,-1896.0,-1720.0,-267.6023,12705,76561198216891576,dgt,1
100,CTSpawn,ct,-1976.0,-1656.0,-267.4583,12705,76561198067722198,luchov,1
100,CTSpawn,ct,-1800.0,-1656.0,-267.20642,12705,76561198195642865,meyern,1
100,TSpawn,t,-307.0,1216.0,-164.81482,12705,76561198036125584,Jame,1
100,TSpawn,t,32.0,1296.0,-167.96875,12706,76561198356252021,slaxejezzz,1
100,CTSpawn,ct,-1800.0,-1776.0,-263.96875,12706,76561198319723208,HUASOPEEK,1
100,TSpawn,t,32.0,1136.0,-164.78845,12706,76561198210626739,zweih,1
100,CTSpawn,ct,-1976.0,-1776.0,-263.96875,12706,76561198242950384,max,1
100,TSpawn,t,-64.0,1136.0,-164.49915,12706,76561198028292758,HObbit,1
100,TSpawn,t,-160.0,1136.0,-164.43054,12706,76561198141272052,xiELO,1
100,CTSpawn,ct,-1896.0,-1720.0,-267.6023,12706,76561198216891576,dgt,1
100,CTSpawn,ct,-1976.0,-1656.0,-267.4583,12706,76561198067722198,luchov,1
100,CTSpawn,ct,-1800.0,-1656.0,-267.20642,12706,76561198195642865,meyern,1
100,TSpawn,t,-307.0,1216.0,-164.81482,12706,76561198036125584,Jame,1
100,TSpawn,t,32.0,1296.0,-167.96875,12707,76561198356252021,slaxejezzz,1
100,CTSpawn,ct,-1800.0,-1776.0,-263.96875,12707,76561198319723208,HUASOPEEK,1
100,TSpawn,t,32.0,1136.0,-164.78845,12707,76561198210626739,zweih,1
100,CTSpawn,ct,-1976.0,-1776.0,-263.96875,12707,76561198242950384,max,1
100,TSpawn,t,-64.0,1136.0,-164.49915,12707,76561198028292758,HObbit,1
100,TSpawn,t,-160.0,1136.0,-164.43054,12707,76561198141272052,xiELO,1
100,CTSpawn,ct,-1896.0,-1720.0,-267.6023,12707,76561198216891576,dgt,1
100,CTSpawn,ct,-1976.0,-1656.0,-267.4583,12707,76561198067722198,luchov,1
100,CTSpawn,ct,-1800.0,-1656.0,-267.20642,12707,76561198195642865,meyern,1
100,TSpawn,t,-307.0,1216.0,-164.81482,12707,76561198036125584,Jame,1
100,TSpawn,t,32.0,1296.0,-167.96875,12708,76561198356252021,slaxejezzz,1
100,CTSpawn,ct,-1800.0,-1776.0,-263.96875,12708,76561198319723208,HUASOPEEK,1
100,TSpawn,t,32.0,1136.0,-164.78845,12708,76561198210626739,zweih,1
100,CTSpawn,ct,-1976.0,-1776.0,-263.96875,12708,76561198242950384,max,1
100,TSpawn,t,-64.0,1136.0,-164.49915,12708,76561198028292758,HObbit,1
100,TSpawn,t,-160.0,1136.0,-164.43054,12708,76561198141272052,xiELO,1
100,CTSpawn,ct,-1896.0,-1720.0,-267.6023,12708,76561198216891576,dgt,1
100,CTSpawn,ct,-1976.0,-1656.0,-267.4583,12708,76561198067722198,luchov,1
100,CTSpawn,ct,-1800.0,-1656.0,-267.20642,12708,76561198195642865,meyern,1
100,TSpawn,t,-307.0,1216.0,-164.81482,12708,76561198036125584,Jame,1
100,TSpawn,t,32.0,1296.0,-167.96875,12709,76561198356252021,slaxejezzz,1
100,CTSpawn,ct,-1800.0,-1776.0,-263.96875,12709,76561198319723208,HUASOPEEK,1
100,TSpawn,t,32.0,1136.0,-164.78845,12709,76561198210626739,zweih,1
100,CTSpawn,ct,-1976.0,-1776.0,-263.96875,12709,76561198242950384,max,1
100,TSpawn,t,-64.0,1136.0,-164.49915,12709,76561198028292758,HObbit,1
100,TSpawn,t,-160.0,1136.0,-164.43054,12709,76561198141272052,xiELO,1
100,CTSpawn,ct,-1896.0,-1720.0,-267.6023,12709,76561198216891576,dgt,1
100,CTSpawn,ct,-1976.0,-1656.0,-267.4583,12709,76561198067722198,luchov,1
100,CTSpawn,ct,-1800.0,-1656.0,-267.20642,12709,76561198195642865,meyern,1
100,TSpawn,t,-307.0,1216.0,-164.81482,12709,76561198036125584,Jame,1
100,TSpawn,t,32.0,1296.0,-167.96875,12710,76561198356252021,slaxejezzz,1
100,CTSpawn,ct,-1800.0,-1776.0,-263.96875,12710,76561198319723208,HUASOPEEK,1
100,TSpawn,t,32.0,1136.0,-164.78845,12710,76561198210626739,zweih,1
100,CTSpawn,ct,-1976.0,-1776.0,-263.96875,12710,76561198242950384,max,1
100,TSpawn,t,-64.0,1136.0,-164.49915,12710,76561198028292758,HObbit,1
100,TSpawn,t,-160.0,1136.0,-164.43054,12710,76561198141272052,xiELO,1
100,CTSpawn,ct,-1896.0,-1720.0,-267.6023,12710,76561198216891576,dgt,1
100,CTSpawn,ct,-1976.0,-1656.0,-267.4583,12710,76561198067722198,luchov,1
100,CTSpawn,ct,-1800.0,-1656.0,-267.20642,12710,76561198195642865,meyern,1
100,TSpawn,t,-307.0,1216.0,-164.81482,12710,76561198036125584,Jame,1
100,TSpawn,t,32.0,1296.0,-167.96875,12711,76561198356252021,slaxejezzz,1
100,CTSpawn,ct,-1800.0,-1776.0,-263.96875,12711,76561198319723208,HUASOPEEK,1
100,TSpawn,t,32.0,1136.0,-164.78845,12711,76561198210626739,zweih,1
100,CTSpawn,ct,-1976.0,-1776.0,-263.96875,12711,76561198242950384,max,1
100,TSpawn,t,-64.0,1136.0,-164.49915,12711,76561198028292758,HObbit,1
100,TSpawn,t,-160.0,1136.0,-164.43054,12711,76561198141272052,xiELO,1
100,CTSpawn,ct,-1896.0,-1720.0,-267.6023,12711,76561198216891576,dgt,1
100,CTSpawn,ct,-1976.0,-1656.0,-267.4583,12711,76561198067722198,luchov,1
100,CTSpawn,ct,-1800.0,-1656.0,-267.20642,12711,76561198195642865,meyern,1
100,TSpawn,t,-307.0,1216.0,-164.81482,12711,76561198036125584,Jame,1
100,TSpawn,t,32.0,1296.0,-167.96875,12712,76561198356252021,slaxejezzz,1
100,CTSpawn,ct,-1800.0,-1776.0,-263.96875,12712,76561198319723208,HUASOPEEK,1
100,TSpawn,t,32.0,1136.0,-164.78845,12712,76561198210626739,zweih,1
100,CTSpawn,ct,-1976.0,-1776.0,-263.96875,12712,76561198242950384,max,1
100,TSpawn,t,-64.0,1136.0,-164.49915,12712,76561198028292758,HObbit,1
100,TSpawn,t,-160.0,1136.0,-164.43054,12712,76561198141272052,xiELO,1
100,CTSpawn,ct,-1896.0,-1720.0,-267.6023,12712,76561198216891576,dgt,1
100,CTSpawn,ct,-1976.0,-1656.0,-267.4583,12712,76561198067722198,luchov,1
100,CTSpawn,ct,-1800.0,-1656.0,-267.20642,12712,76561198195642865,meyern,1
100,TSpawn,t,-307.0,1216.0,-164.81482,12712,76561198036125584,Jame,1
100,TSpawn,t,32.0,1296.0,-167.96875,12713,76561198356252021,slaxejezzz,1
100,CTSpawn,ct,-1800.0,-1776.0,-263.96875,12713,76561198319723208,HUASOPEEK,1
100,TSpawn,t,32.0,1136.0,-164.78845,12713,76561198210626739,zweih,1
100,CTSpawn,ct,-1976.0,-1776.0,-263.96875,12713,76561198242950384,max,1
100,TSpawn,t,-64.0,1136.0,-164.49915,12713,76561198028292758,HObbit,1
100,TSpawn,t,-160.0,1136.0,-164.43054,12713,76561198141272052,xiELO,1
100,CTSpawn,ct,-1896.0,-1720.0,-267.6023,12713,76561198216891576,dgt,1
100,CTSpawn,ct,-1976.0,-1656.0,-267.4583,12713,76561198067722198,luchov,1
100,CTSpawn,ct,-1800.0,-1656.0,-267.20642,12713,76561198195642865,meyern,1
100,TSpawn,t,-307.0,1216.0,-164.81482,12713,76561198036125584,Jame,1
100,TSpawn,t,32.0,1296.0,-167.96875,12714,76561198356252021,slaxejezzz,1
100,CTSpawn,ct,-1800.0,-1776.0,-263.96875,12714,76561198319723208,HUASOPEEK,1
100,TSpawn,t,32.0,1136.0,-164.78845,12714,76561198210626739,zweih,1
100,CTSpawn,ct,-1976.0,-1776.0,-263.96875,12714,76561198242950384,max,1
100,TSpawn,t,-64.0,1136.0,-164.49915,12714,76561198028292758,HObbit,1
100,TSpawn,t,-160.0,1136.0,-164.43054,12714,76561198141272052,xiELO,1
100,CTSpawn,ct,-1896.0,-1720.0,-267.6023,12714,76561198216891576,dgt,1
100,CTSpawn,ct,-1976.0,-1656.0,-267.4583,12714,76561198067722198,luchov,1
100,CTSpawn,ct,-1800.0,-1656.0,-267.20642,12714,76561198195642865,meyern,1
100,TSpawn,t,-307.0,1216.0,-164.81482,12714,76561198036125584,Jame,1
100,TSpawn,t,32.0,1296.0,-167.96875,12715,76561198356252021,slaxejezzz,1
100,CTSpawn,ct,-1800.0,-1776.0,-263.96875,12715,76561198319723208,HUASOPEEK,1
100,TSpawn,t,32.0,1136.0,-164.78845,12715,76561198210626739,zweih,1
100,CTSpawn,ct,-1976.0,-1776.0,-263.96875,12715,76561198242950384,max,1
100,TSpawn,t,-64.0,1136.0,-164.49915,12715,76561198028292758,HObbit,1
100,TSpawn,t,-160.0,1136.0,-164.43054,12715,76561198141272052,xiELO,1
100,CTSpawn,ct,-1896.0,-1720.0,-267.6023,12715,76561198216891576,dgt,1
100,CTSpawn,ct,-1976.0,-1656.0,-267.4583,12715,76561198067722198,luchov,1
100,CTSpawn,ct,-1800.0,-1656.0,-267.20642,12715,76561198195642865,meyern,1
100,TSpawn,t,-307.0,1216.0,-164.81482,12715,76561198036125584,Jame,1
100,TSpawn,t,32.0,1296.0,-167.96875,12716,76561198356252021,slaxejezzz,1
100,CTSpawn,ct,-1800.0,-1776.0,-263.96875,12716,76561198319723208,HUASOPEEK,1
100,TSpawn,t,32.0,1136.0,-164.78845,12716,76561198210626739,zweih,1
100,CTSpawn,ct,-1976.0,-1776.0,-263.96875,12716,76561198242950384,max,1
100,TSpawn,t,-64.0,1136.0,-164.49915,12716,76561198028292758,HObbit,1
100,TSpawn,t,-160.0,1136.0,-164.43054,12716,76561198141272052,xiELO,1
100,CTSpawn,ct,-1896.0,-1720.0,-267.6023,12716,76561198216891576,dgt,1
100,CTSpawn,ct,-1976.0,-1656.0,-267.4583,12716,76561198067722198,luchov,1
100,CTSpawn,ct,-1800.0,-1656.0,-267.20642,12716,76561198195642865,meyern,1
100,TSpawn,t,-307.0,1216.0,-164.81482,12716,76561198036125584,Jame,1
100,TSpawn,t,32.0,1296.0,-167.96875,12717,76561198356252021,slaxejezzz,1
100,CTSpawn,ct,-1800.0,-1776.0,-263.96875,12717,76561198319723208,HUASOPEEK,1
100,TSpawn,t,32.0,1136.0,-164.78845,12717,76561198210626739,zweih,1
100,CTSpawn,ct,-1976.0,-1776.0,-263.96875,12717,76561198242950384,max,1
100,TSpawn,t,-64.0,1136.0,-164.49915,12717,76561198028292758,HObbit,1
100,TSpawn,t,-160.0,1136.0,-164.43054,12717,76561198141272052,xiELO,1
100,CTSpawn,ct,-1896.0,-1720.0,-267.6023,12717,76561198216891576,dgt,1
100,CTSpawn,ct,-1976.0,-1656.0,-267.4583,12717,76561198067722198,luchov,1
100,CTSpawn,ct,-1800.0,-1656.0,-267.20642,12717,76561198195642865,meyern,1
100,TSpawn,t,-307.0,1216.0,-164.81482,12717,76561198036125584,Jame,1
100,TSpawn,t,32.0,1296.0,-167.96875,12718,76561198356252021,slaxejezzz,1
100,CTSpawn,ct,-1800.0,-1776.0,-263.96875,12718,76561198319723208,HUASOPEEK,1
100,TSpawn,t,32.0,1136.0,-164.78845,12718,76561198210626739,zweih,1
100,CTSpawn,ct,-1976.0,-1776.0,-263.96875,12718,76561198242950384,max,1
100,TSpawn,t,-64.0,1136.0,-164.49915,12718,76561198028292758,HObbit,1
100,TSpawn,t,-160.0,1136.0,-164.43054,12718,76561198141272052,xiELO,1
100,CTSpawn,ct,-1896.0,-1720.0,-267.6023,12718,76561198216891576,dgt,1
100,CTSpawn,ct,-1976.0,-1656.0,-267.4583,12718,76561198067722198,luchov,1
100,CTSpawn,ct,-1800.0,-1656.0,-267.20642,12718,76561198195642865,meyern,1
100,TSpawn,t,-307.0,1216.0,-164.81482,12718,76561198036125584,Jame,1
100,TSpawn,t,32.0,1296.0,-167.96875,12719,76561198356252021,slaxejezzz,1
100,CTSpawn,ct,-1800.0,-1776.0,-263.96875,12719,76561198319723208,HUASOPEEK,1
100,TSpawn,t,32.0,1136.0,-164.78845,12719,76561198210626739,zweih,1
100,CTSpawn,ct,-1976.0,-1776.0,-263.96875,12719,76561198242950384,max,1
100,TSpawn,t,-64.0,1136.0,-164.49915,12719,76561198028292758,HObbit,1
100,TSpawn,t,-160.0,1136.0,-164.43054,12719,76561198141272052,xiELO,1
100,CTSpawn,ct,-1896.0,-1720.0,-267.6023,12719,76561198216891576,dgt,1
100,CTSpawn,ct,-1976.0,-1656.0,-267.4583,12719,76561198067722198,luchov,1
100,CTSpawn,ct,-1800.0,-1656.0,-267.20642,12719,76561198195642865,meyern,1
100,TSpawn,t,-307.0,1216.0,-164.81482,12719,76561198036125584,Jame,1
100,TSpawn,t,32.0,1296.0,-167.96875,12720,76561198356252021,slaxejezzz,1
100,CTSpawn,ct,-1800.0,-1776.0,-263.96875,12720,76561198319723208,HUASOPEEK,1
100,TSpawn,t,32.0,1136.0,-164.78845,12720,76561198210626739,zweih,1
100,CTSpawn,ct,-1976.0,-1776.0,-263.96875,12720,76561198242950384,max,1
100,TSpawn,t,-64.0,1136.0,-164.49915,12720,76561198028292758,HObbit,1
100,TSpawn,t,-160.0,1136.0,-164.43054,12720,76561198141272052,xiELO,1
100,CTSpawn,ct,-1896.0,-1720.0,-267.6023,12720,76561198216891576,dgt,1
100,CTSpawn,ct,-1976.0,-1656.0,-267.4583,12720,76561198067722198,luchov,1
100,CTSpawn,ct,-1800.0,-1656.0,-267.20642,12720,76561198195642865,meyern,1
100,TSpawn,t,-307.0,1216.0,-164.81482,12720,76561198036125584,Jame,1
100,TSpawn,t,32.0,1296.0,-167.96875,12721,76561198356252021,slaxejezzz,1
100,CTSpawn,ct,-1800.0,-1776.0,-263.96875,12721,76561198319723208,HUASOPEEK,1
100,TSpawn,t,32.0,1136.0,-164.78845,12721,76561198210626739,zweih,1
100,CTSpawn,ct,-1976.0,-1776.0,-263.96875,12721,76561198242950384,max,1
100,TSpawn,t,-64.0,1136.0,-164.49915,12721,76561198028292758,HObbit,1
100,TSpawn,t,-160.0,1136.0,-164.43054,12721,76561198141272052,xiELO,1
100,CTSpawn,ct,-1896.0,-1720.0,-267.6023,12721,76561198216891576,dgt,1
100,CTSpawn,ct,-1976.0,-1656.0,-267.4583,12721,76561198067722198,luchov,1
100,CTSpawn,ct,-1800.0,-1656.0,-267.20642,12721,76561198195642865,meyern,1
100,TSpawn,t,-307.0,1216.0,-164.81482,12721,76561198036125584,Jame,1
100,TSpawn,t,32.0,1296.0,-167.96875,12722,76561198356252021,slaxejezzz,1
100,CTSpawn,ct,-1800.0,-1776.0,-263.96875,12722,76561198319723208,HUASOPEEK,1
100,TSpawn,t,32.0,1136.0,-164.78845,12722,76561198210626739,zweih,1
100,CTSpawn,ct,-1976.0,-1776.0,-263.96875,12722,76561198242950384,max,1
100,TSpawn,t,-64.0,1136.0,-164.49915,12722,76561198028292758,HObbit,1
100,TSpawn,t,-160.0,1136.0,-164.43054,12722,76561198141272052,xiELO,1
100,CTSpawn,ct,-1896.0,-1720.0,-267.6023,12722,76561198216891576,dgt,1
100,CTSpawn,ct,-1976.0,-1656.0,-267.4583,12722,76561198067722198,luchov,1
100,CTSpawn,ct,-1800.0,-1656.0,-267.20642,12722,76561198195642865,meyern,1
100,TSpawn,t,-307.0,1216.0,-164.81482,12722,76561198036125584,Jame,1
100,TSpawn,t,32.0,1296.0,-167.96875,12723,76561198356252021,slaxejezzz,1
100,CTSpawn,ct,-1800.0,-1776.0,-263.96875,12723,76561198319723208,HUASOPEEK,1
100,TSpawn,t,32.0,1136.0,-164.78845,12723,76561198210626739,zweih,1
100,CTSpawn,ct,-1976.0,-1776.0,-263.96875,12723,76561198242950384,max,1
100,TSpawn,t,-64.0,1136.0,-164.49915,12723,76561198028292758,HObbit,1
100,TSpawn,t,-160.0,1136.0,-164.43054,12723,76561198141272052,xiELO,1
100,CTSpawn,ct,-1896.0,-1720.0,-267.6023,12723,76561198216891576,dgt,1
100,CTSpawn,ct,-1976.0,-1656.0,-267.4583,12723,76561198067722198,luchov,1
100,CTSpawn,ct,-1800.0,-1656.0,-267.20642,12723,76561198195642865,meyern,1
100,TSpawn,t,-307.0,1216.0,-164.81482,12723,76561198036125584,Jame,1
100,TSpawn,t,32.0,1296.0,-167.96875,12724,76561198356252021,slaxejezzz,1
100,CTSpawn,ct,-1800.0,-1776.0,-263.96875,12724,76561198319723208,HUASOPEEK,1
100,TSpawn,t,32.0,1136.0,-164.78845,12724,76561198210626739,zweih,1
100,CTSpawn,ct,-1976.0,-1776.0,-263.96875,12724,76561198242950384,max,1
100,TSpawn,t,-64.0,1136.0,-164.49915,12724,76561198028292758,HObbit,1
100,TSpawn,t,-160.0,1136.0,-164.43054,12724,76561198141272052,xiELO,1
100,CTSpawn,ct,-1896.0,-1720.0,-267.6023,12724,76561198216891576,dgt,1
100,CTSpawn,ct,-1976.0,-1656.0,-267.4583,12724,76561198067722198,luchov,1
100,CTSpawn,ct,-1800.0,-1656.0,-267.20642,12724,76561198195642865,meyern,1
100,TSpawn,t,-307.0,1216.0,-164.81482,12724,76561198036125584,Jame,1
100,TSpawn,t,32.0,1296.0,-167.96875,12725,76561198356252021,slaxejezzz,1
100,CTSpawn,ct,-1800.0,-1776.0,-263.96875,12725,76561198319723208,HUASOPEEK,1
100,TSpawn,t,32.0,1136.0,-164.78845,12725,76561198210626739,zweih,1
100,CTSpawn,ct,-1976.0,-1776.0,-263.96875,12725,76561198242950384,max,1
100,TSpawn,t,-64.0,1136.0,-164.49915,12725,76561198028292758,HObbit,1
100,TSpawn,t,-160.0,1136.0,-164.43054,12725,76561198141272052,xiELO,1
100,CTSpawn,ct,-1896.0,-1720.0,-267.6023,12725,76561198216891576,dgt,1
100,CTSpawn,ct,-1976.0,-1656.0,-267.4583,12725,76561198067722198,luchov,1
100,CTSpawn,ct,-1800.0,-1656.0,-267.20642,12725,76561198195642865,meyern,1
100,TSpawn,t,-307.0,1216.0,-164.81482,12725,76561198036125584,Jame,1
100,TSpawn,t,32.0,1296.0,-167.96875,12726,76561198356252021,slaxejezzz,1
100,CTSpawn,ct,-1800.0,-1776.0,-263.96875,12726,76561198319723208,HUASOPEEK,1
100,TSpawn,t,32.0,1136.0,-164.78845,12726,76561198210626739,zweih,1
100,CTSpawn,ct,-1976.0,-1776.0,-263.96875,12726,76561198242950384,max,1
100,TSpawn,t,-64.0,1136.0,-164.49915,12726,76561198028292758,HObbit,1
100,TSpawn,t,-160.0,1136.0,-164.43054,12726,76561198141272052,xiELO,1
100,CTSpawn,ct,-1896.0,-1720.0,-267.6023,12726,76561198216891576,dgt,1
100,CTSpawn,ct,-1976.0,-1656.0,-267.4583,12726,76561198067722198,luchov,1
100,CTSpawn,ct,-1800.0,-1656.0,-267.20642,12726,76561198195642865,meyern,1
100,TSpawn,t,-307.0,1216.0,-164.81482,12726,76561198036125584,Jame,1
100,TSpawn,t,32.0,1296.0,-167.96875,12727,76561198356252021,slaxejezzz,1
100,CTSpawn,ct,-1800.0,-1776.0,-263.96875,12727,76561198319723208,HUASOPEEK,1
100,TSpawn,t,32.0,1136.0,-164.78845,12727,76561198210626739,zweih,1
100,CTSpawn,ct,-1976.0,-1776.0,-263.96875,12727,76561198242950384,max,1
100,TSpawn,t,-64.0,1136.0,-164.49915,12727,76561198028292758,HObbit,1
100,TSpawn,t,-160.0,1136.0,-164.43054,12727,76561198141272052,xiELO,1
100,CTSpawn,ct,-1896.0,-1720.0,-267.6023,12727,76561198216891576,dgt,1
100,CTSpawn,ct,-1976.0,-1656.0,-267.4583,12727,76561198067722198,luchov,1
100,CTSpawn,ct,-1800.0,-1656.0,-267.20642,12727,76561198195642865,meyern,1
100,TSpawn,t,-307.0,1216.0,-164.81482,12727,76561198036125584,Jame,1
100,TSpawn,t,32.0,1296.0,-167.96875,12728,76561198356252021,slaxejezzz,1
100,CTSpawn,ct,-1800.0,-1776.0,-263.96875,12728,76561198319723208,HUASOPEEK,1
100,TSpawn,t,32.0,1136.0,-164.78845,12728,76561198210626739,zweih,1
100,CTSpawn,ct,-1976.0,-1776.0,-263.96875,12728,76561198242950384,max,1
100,TSpawn,t,-64.0,1136.0,-164.49915,12728,76561198028292758,HObbit,1
100,TSpawn,t,-160.0,1136.0,-164.43054,12728,76561198141272052,xiELO,1
100,CTSpawn,ct,-1896.0,-1720.0,-267.6023,12728,76561198216891576,dgt,1
100,CTSpawn,ct,-1976.0,-1656.0,-267.4583,12728,76561198067722198,luchov,1
100,CTSpawn,ct,-1800.0,-1656.0,-267.20642,12728,76561198195642865,meyern,1
100,TSpawn,t,-307.0,1216.0,-164.81482,12728,76561198036125584,Jame,1
100,TSpawn,t,32.0,1296.0,-167.96875,12729,76561198356252021,slaxejezzz,1
100,CTSpawn,ct,-1800.0,-1776.0,-263.96875,12729,76561198319723208,HUASOPEEK,1
100,TSpawn,t,32.0,1136.0,-164.78845,12729,76561198210626739,zweih,1
100,CTSpawn,ct,-1976.0,-1776.0,-263.96875,12729,76561198242950384,max,1
100,TSpawn,t,-64.0,1136.0,-164.49915,12729,76561198028292758,HObbit,1
100,TSpawn,t,-160.0,1136.0,-164.43054,12729,76561198141272052,xiELO,1
100,CTSpawn,ct,-1896.0,-1720.0,-267.6023,12729,76561198216891576,dgt,1
100,CTSpawn,ct,-1976.0,-1656.0,-267.4583,12729,76561198067722198,luchov,1
100,CTSpawn,ct,-1800.0,-1656.0,-267.20642,12729,76561198195642865,meyern,1
100,TSpawn,t,-307.0,1216.0,-164.81482,12729,76561198036125584,Jame,1
100,TSpawn,t,32.0,1296.0,-167.96875,12730,76561198356252021,slaxejezzz,1
100,CTSpawn,ct,-1800.0,-1776.0,-263.96875,12730,76561198319723208,HUASOPEEK,1
100,TSpawn,t,32.0,1136.0,-164.78845,12730,76561198210626739,zweih,1
100,CTSpawn,ct,-1976.0,-1776.0,-263.96875,12730,76561198242950384,max,1
100,TSpawn,t,-64.0,1136.0,-164.49915,12730,76561198028292758,HObbit,1
100,TSpawn,t,-160.0,1136.0,-164.43054,12730,76561198141272052,xiELO,1
100,CTSpawn,ct,-1896.0,-1720.0,-267.6023,12730,76561198216891576,dgt,1
100,CTSpawn,ct,-1976.0,-1656.0,-267.4583,12730,76561198067722198,luchov,1
100,CTSpawn,ct,-1800.0,-1656.0,-267.20642,12730,76561198195642865,meyern,1
100,TSpawn,t,-307.0,1216.0,-164.81482,12730,76561198036125584,Jame,1
100,TSpawn,t,32.0,1296.0,-167.96875,12731,76561198356252021,slaxejezzz,1
100,CTSpawn,ct,-1800.0,-1776.0,-263.96875,12731,76561198319723208,HUASOPEEK,1
100,TSpawn,t,32.0,1136.0,-164.78845,12731,76561198210626739,zweih,1
100,CTSpawn,ct,-1976.0,-1776.0,-263.96875,12731,76561198242950384,max,1
100,TSpawn,t,-64.0,1136.0,-164.49915,12731,76561198028292758,HObbit,1
100,TSpawn,t,-160.0,1136.0,-164.43054,12731,76561198141272052,xiELO,1
100,CTSpawn,ct,-1896.0,-1720.0,-267.6023,12731,76561198216891576,dgt,1
100,CTSpawn,ct,-1976.0,-1656.0,-267.4583,12731,76561198067722198,luchov,1
100,CTSpawn,ct,-1800.0,-1656.0,-267.20642,12731,76561198195642865,meyern,1
100,TSpawn,t,-307.0,1216.0,-164.81482,12731,76561198036125584,Jame,1
100,TSpawn,t,32.0,1296.0,-167.96875,12732,76561198356252021,slaxejezzz,1
100,CTSpawn,ct,-1800.0,-1776.0,-263.96875,12732,76561198319723208,HUASOPEEK,1
100,TSpawn,t,32.0,1136.0,-164.78845,12732,76561198210626739,zweih,1
100,CTSpawn,ct,-1976.0,-1776.0,-263.96875,12732,76561198242950384,max,1
100,TSpawn,t,-64.0,1136.0,-164.49915,12732,76561198028292758,HObbit,1
100,TSpawn,t,-160.0,1136.0,-164.43054,12732,76561198141272052,xiELO,1
100,CTSpawn,ct,-1896.0,-1720.0,-267.6023,12732,76561198216891576,dgt,1
100,CTSpawn,ct,-1976.0,-1656.0,-267.4583,12732,76561198067722198,luchov,1
100,CTSpawn,ct,-1800.0,-1656.0,-267.20642,12732,76561198195642865,meyern,1
100,TSpawn,t,-307.0,1216.0,-164.81482,12732,76561198036125584,Jame,1
100,TSpawn,t,32.0,1296.0,-167.96875,12733,76561198356252021,slaxejezzz,1
100,CTSpawn,ct,-1800.0,-1776.0,-263.96875,12733,76561198319723208,HUASOPEEK,1
100,TSpawn,t,32.0,1136.0,-164.78845,12733,76561198210626739,zweih,1
100,CTSpawn,ct,-1976.0,-1776.0,-263.96875,12733,76561198242950384,max,1
100,TSpawn,t,-64.0,1136.0,-164.49915,12733,76561198028292758,HObbit,1
100,TSpawn,t,-160.0,1136.0,-164.43054,12733,76561198141272052,xiELO,1
100,CTSpawn,ct,-1896.0,-1720.0,-267.6023,12733,76561198216891576,dgt,1
100,CTSpawn,ct,-1976.0,-1656.0,-267.4583,12733,76561198067722198,luchov,1
100,CTSpawn,ct,-1800.0,-1656.0,-267.20642,12733,76561198195642865,meyern,1
100,TSpawn,t,-307.0,1216.0,-164.81482,12733,76561198036125584,Jame,1
100,TSpawn,t,32.0,1296.0,-167.96875,12734,76561198356252021,slaxejezzz,1
100,CTSpawn,ct,-1800.0,-1776.0,-263.96875,12734,76561198319723208,HUASOPEEK,1
100,TSpawn,t,32.0,1136.0,-164.78845,12734,76561198210626739,zweih,1
100,CTSpawn,ct,-1976.0,-1776.0,-263.96875,12734,76561198242950384,max,1
100,TSpawn,t,-64.0,1136.0,-164.49915,12734,76561198028292758,HObbit,1
100,TSpawn,t,-160.0,1136.0,-164.43054,12734,76561198141272052,xiELO,1
100,CTSpawn,ct,-1896.0,-1720.0,-267.6023,12734,76561198216891576,dgt,1
100,CTSpawn,ct,-1976.0,-1656.0,-267.4583,12734,76561198067722198,luchov,1
100,CTSpawn,ct,-1800.0,-1656.0,-267.20642,12734,76561198195642865,meyern,1
100,TSpawn,t,-307.0,1216.0,-164.81482,12734,76561198036125584,Jame,1
100,TSpawn,t,32.0,1296.0,-167.96875,12735,76561198356252021,slaxejezzz,1
100,CTSpawn,ct,-1800.0,-1776.0,-263.96875,12735,76561198319723208,HUASOPEEK,1
100,TSpawn,t,32.0,1136.0,-164.78845,12735,76561198210626739,zweih,1
100,CTSpawn,ct,-1976.0,-1776.0,-263.96875,12735,76561198242950384,max,1
100,TSpawn,t,-64.0,1136.0,-164.49915,12735,76561198028292758,HObbit,1
100,TSpawn,t,-160.0,1136.0,-164.43054,12735,76561198141272052,xiELO,1
100,CTSpawn,ct,-1896.0,-1720.0,-267.6023,12735,76561198216891576,dgt,1
100,CTSpawn,ct,-1976.0,-1656.0,-267.4583,12735,76561198067722198,luchov,1
100,CTSpawn,ct,-1800.0,-1656.0,-267.20642,12735,76561198195642865,meyern,1
100,TSpawn,t,-307.0,1216.0,-164.81482,12735,76561198036125584,Jame,1
100,TSpawn,t,32.0,1296.0,-167.96875,12736,76561198356252021,slaxejezzz,1
100,CTSpawn,ct,-1800.0,-1776.0,-263.96875,12736,76561198319723208,HUASOPEEK,1
100,TSpawn,t,32.0,1136.0,-164.78845,12736,76561198210626739,zweih,1
100,CTSpawn,ct,-1976.0,-1776.0,-263.96875,12736,76561198242950384,max,1
100,TSpawn,t,-64.0,1136.0,-164.49915,12736,76561198028292758,HObbit,1
100,TSpawn,t,-160.0,1136.0,-164.43054,12736,76561198141272052,xiELO,1
100,CTSpawn,ct,-1896.0,-1720.0,-267.6023,12736,76561198216891576,dgt,1
100,CTSpawn,ct,-1976.0,-1656.0,-267.4583,12736,76561198067722198,luchov,1
100,CTSpawn,ct,-1800.0,-1656.0,-267.20642,12736,76561198195642865,meyern,1
100,TSpawn,t,-307.0,1216.0,-164.81482,12736,76561198036125584,Jame,1
100,TSpawn,t,32.0,1296.0,-167.96875,12737,76561198356252021,slaxejezzz,1
100,CTSpawn,ct,-1800.0,-1776.0,-263.96875,12737,76561198319723208,HUASOPEEK,1
100,TSpawn,t,32.0,1136.0,-164.78845,12737,76561198210626739,zweih,1
100,CTSpawn,ct,-1976.0,-1776.0,-263.96875,12737,76561198242950384,max,1
100,TSpawn,t,-64.0,1136.0,-164.49915,12737,76561198028292758,HObbit,1
100,TSpawn,t,-160.0,1136.0,-164.43054,12737,76561198141272052,xiELO,1
100,CTSpawn,ct,-1896.0,-1720.0,-267.6023,12737,76561198216891576,dgt,1
100,CTSpawn,ct,-1976.0,-1656.0,-267.4583,12737,76561198067722198,luchov,1
100,CTSpawn,ct,-1800.0,-1656.0,-267.20642,12737,76561198195642865,meyern,1
100,TSpawn,t,-307.0,1216.0,-164.81482,12737,76561198036125584,Jame,1
100,TSpawn,t,32.0,1296.0,-167.96875,12738,76561198356252021,slaxejezzz,1
100,CTSpawn,ct,-1800.0,-1776.0,-263.96875,12738,76561198319723208,HUASOPEEK,1
100,TSpawn,t,32.0,1136.0,-164.78845,12738,76561198210626739,zweih,1
100,CTSpawn,ct,-1976.0,-1776.0,-263.96875,12738,76561198242950384,max,1
100,TSpawn,t,-64.0,1136.0,-164.49915,12738,76561198028292758,HObbit,1
100,TSpawn,t,-160.0,1136.0,-164.43054,12738,76561198141272052,xiELO,1
100,CTSpawn,ct,-1896.0,-1720.0,-267.6023,12738,76561198216891576,dgt,1
100,CTSpawn,ct,-1976.0,-1656.0,-267.4583,12738,76561198067722198,luchov,1
100,CTSpawn,ct,-1800.0,-1656.0,-267.20642,12738,76561198195642865,meyern,1
100,TSpawn,t,-307.0,1216.0,-164.81482,12738,76561198036125584,Jame,1
100,TSpawn,t,32.0,1296.0,-167.96875,12739,76561198356252021,slaxejezzz,1
100,CTSpawn,ct,-1800.0,-1776.0,-263.96875,12739,76561198319723208,HUASOPEEK,1
100,TSpawn,t,32.0,1136.0,-164.78845,12739,76561198210626739,zweih,1
100,CTSpawn,ct,-1976.0,-1776.0,-263.96875,12739,76561198242950384,max,1
100,TSpawn,t,-64.0,1136.0,-164.49915,12739,76561198028292758,HObbit,1
100,TSpawn,t,-160.0,1136.0,-164.43054,12739,76561198141272052,xiELO,1
100,CTSpawn,ct,-1896.0,-1720.0,-267.6023,12739,76561198216891576,dgt,1
100,CTSpawn,ct,-1976.0,-1656.0,-267.4583,12739,76561198067722198,luchov,1
100,CTSpawn,ct,-1800.0,-1656.0,-267.20642,12739,76561198195642865,meyern,1
100,TSpawn,t,-307.0,1216.0,-164.81482,12739,76561198036125584,Jame,1
100,TSpawn,t,32.0,1296.0,-167.96875,12740,76561198356252021,slaxejezzz,1
100,CTSpawn,ct,-1800.0,-1776.0,-263.96875,12740,76561198319723208,HUASOPEEK,1
100,TSpawn,t,32.0,1136.0,-164.78845,12740,76561198210626739,zweih,1
100,CTSpawn,ct,-1976.0,-1776.0,-263.96875,12740,76561198242950384,max,1
100,TSpawn,t,-64.0,1136.0,-164.49915,12740,76561198028292758,HObbit,1
100,TSpawn,t,-160.0,1136.0,-164.43054,12740,76561198141272052,xiELO,1
100,CTSpawn,ct,-1896.0,-1720.0,-267.6023,12740,76561198216891576,dgt,1
100,CTSpawn,ct,-1976.0,-1656.0,-267.4583,12740,76561198067722198,luchov,1
100,CTSpawn,ct,-1800.0,-1656.0,-267.20642,12740,76561198195642865,meyern,1
100,TSpawn,t,-307.0,1216.0,-164.81482,12740,76561198036125584,Jame,1
100,TSpawn,t,32.0,1296.0,-167.96875,12741,76561198356252021,slaxejezzz,1
100,CTSpawn,ct,-1800.0,-1776.0,-263.96875,12741,76561198319723208,HUASOPEEK,1
100,TSpawn,t,32.0,1136.0,-164.78845,12741,76561198210626739,zweih,1
100,CTSpawn,ct,-1976.0,-1776.0,-263.96875,12741,76561198242950384,max,1
100,TSpawn,t,-64.0,1136.0,-164.49915,12741,76561198028292758,HObbit,1
100,TSpawn,t,-160.0,1136.0,-164.43054,12741,76561198141272052,xiELO,1
100,CTSpawn,ct,-1896.0,-1720.0,-267.6023,12741,76561198216891576,dgt,1
100,CTSpawn,ct,-1976.0,-1656.0,-267.4583,12741,76561198067722198,luchov,1
100,CTSpawn,ct,-1800.0,-1656.0,-267.20642,12741,76561198195642865,meyern,1
100,TSpawn,t,-307.0,1216.0,-164.81482,12741,76561198036125584,Jame,1
100,TSpawn,t,32.0,1296.0,-167.96875,12742,76561198356252021,slaxejezzz,1
100,CTSpawn,ct,-1800.0,-1776.0,-263.96875,12742,76561198319723208,HUASOPEEK,1
100,TSpawn,t,32.0,1136.0,-164.78845,12742,76561198210626739,zweih,1
100,CTSpawn,ct,-1976.0,-1776.0,-263.96875,12742,76561198242950384,max,1
100,TSpawn,t,-64.0,1136.0,-164.49915,12742,76561198028292758,HObbit,1
100,TSpawn,t,-160.0,1136.0,-164.43054,12742,76561198141272052,xiELO,1
100,CTSpawn,ct,-1896.0,-1720.0,-267.6023,12742,76561198216891576,dgt,1
100,CTSpawn,ct,-1976.0,-1656.0,-267.4583,12742,76561198067722198,luchov,1
100,CTSpawn,ct,-1800.0,-1656.0,-267.20642,12742,76561198195642865,meyern,1
100,TSpawn,t,-307.0,1216.0,-164.81482,12742,76561198036125584,Jame,1
100,TSpawn,t,32.0,1296.0,-167.96875,12743,76561198356252021,slaxejezzz,1
100,CTSpawn,ct,-1800.0,-1776.0,-263.96875,12743,76561198319723208,HUASOPEEK,1
100,TSpawn,t,32.0,1136.0,-164.78845,12743,76561198210626739,zweih,1
100,CTSpawn,ct,-1976.0,-1776.0,-263.96875,12743,76561198242950384,max,1
100,TSpawn,t,-64.0,1136.0,-164.49915,12743,76561198028292758,HObbit,1
100,TSpawn,t,-160.0,1136.0,-164.43054,12743,76561198141272052,xiELO,1
100,CTSpawn,ct,-1896.0,-1720.0,-267.6023,12743,76561198216891576,dgt,1
100,CTSpawn,ct,-1976.0,-1656.0,-267.4583,12743,76561198067722198,luchov,1
100,CTSpawn,ct,-1800.0,-1656.0,-267.20642,12743,76561198195642865,meyern,1
100,TSpawn,t,-307.0,1216.0,-164.81482,12743,76561198036125584,Jame,1
100,TSpawn,t,32.0,1296.0,-167.96875,12744,76561198356252021,slaxejezzz,1
100,CTSpawn,ct,-1800.0,-1776.0,-263.96875,12744,76561198319723208,HUASOPEEK,1
100,TSpawn,t,32.0,1136.0,-164.78845,12744,76561198210626739,zweih,1
100,CTSpawn,ct,-1976.0,-1776.0,-263.96875,12744,76561198242950384,max,1
100,TSpawn,t,-64.0,1136.0,-164.49915,12744,76561198028292758,HObbit,1
100,TSpawn,t,-160.0,1136.0,-164.43054,12744,76561198141272052,xiELO,1
100,CTSpawn,ct,-1896.0,-1720.0,-267.6023,12744,76561198216891576,dgt,1
100,CTSpawn,ct,-1976.0,-1656.0,-267.4583,12744,76561198067722198,luchov,1
100,CTSpawn,ct,-1800.0,-1656.0,-267.20642,12744,76561198195642865,meyern,1
100,TSpawn,t,-307.0,1216.0,-164.81482,12744,76561198036125584,Jame,1
100,TSpawn,t,32.0,1296.0,-167.96875,12745,76561198356252021,slaxejezzz,1
100,CTSpawn,ct,-1800.0,-1776.0,-263.96875,12745,76561198319723208,HUASOPEEK,1
100,TSpawn,t,32.0,1136.0,-164.78845,12745,76561198210626739,zweih,1
100,CTSpawn,ct,-1976.0,-1776.0,-263.96875,12745,76561198242950384,max,1
100,TSpawn,t,-64.0,1136.0,-164.49915,12745,76561198028292758,HObbit,1
100,TSpawn,t,-160.0,1136.0,-164.43054,12745,76561198141272052,xiELO,1
100,CTSpawn,ct,-1896.0,-1720.0,-267.6023,12745,76561198216891576,dgt,1
100,CTSpawn,ct,-1976.0,-1656.0,-267.4583,12745,76561198067722198,luchov,1
100,CTSpawn,ct,-1800.0,-1656.0,-267.20642,12745,76561198195642865,meyern,1
100,TSpawn,t,-307.0,1216.0,-164.81482,12745,76561198036125584,Jame,1
100,TSpawn,t,32.0,1296.0,-167.96875,12746,76561198356252021,slaxejezzz,1
100,CTSpawn,ct,-1800.0,-1776.0,-263.96875,12746,76561198319723208,HUASOPEEK,1
100,TSpawn,t,32.0,1136.0,-164.78845,12746,76561198210626739,zweih,1
100,CTSpawn,ct,-1976.0,-1776.0,-263.96875,12746,76561198242950384,max,1
100,TSpawn,t,-64.0,1136.0,-164.49915,12746,76561198028292758,HObbit,1
100,TSpawn,t,-160.0,1136.0,-164.43054,12746,76561198141272052,xiELO,1
100,CTSpawn,ct,-1896.0,-1720.0,-267.6023,12746,76561198216891576,dgt,1
100,CTSpawn,ct,-1976.0,-1656.0,-267.4583,12746,76561198067722198,luchov,1
100,CTSpawn,ct,-1800.0,-1656.0,-267.20642,12746,76561198195642865,meyern,1
100,TSpawn,t,-307.0,1216.0,-164.81482,12746,76561198036125584,Jame,1
100,TSpawn,t,32.0,1296.0,-167.96875,12747,76561198356252021,slaxejezzz,1
100,CTSpawn,ct,-1800.0,-1776.0,-263.96875,12747,76561198319723208,HUASOPEEK,1
100,TSpawn,t,32.0,1136.0,-164.78845,12747,76561198210626739,zweih,1
100,CTSpawn,ct,-1976.0,-1776.0,-263.96875,12747,76561198242950384,max,1
100,TSpawn,t,-64.0,1136.0,-164.49915,12747,76561198028292758,HObbit,1
100,TSpawn,t,-160.0,1136.0,-164.43054,12747,76561198141272052,xiELO,1
100,CTSpawn,ct,-1896.0,-1720.0,-267.6023,12747,76561198216891576,dgt,1
100,CTSpawn,ct,-1976.0,-1656.0,-267.4583,12747,76561198067722198,luchov,1
100,CTSpawn,ct,-1800.0,-1656.0,-267.20642,12747,76561198195642865,meyern,1
100,TSpawn,t,-307.0,1216.0,-164.81482,12747,76561198036125584,Jame,1
100,TSpawn,t,32.0,1296.0,-167.96875,12748,76561198356252021,slaxejezzz,1
100,CTSpawn,ct,-1800.0,-1776.0,-263.96875,12748,76561198319723208,HUASOPEEK,1
100,TSpawn,t,32.0,1136.0,-164.78845,12748,76561198210626739,zweih,1
100,CTSpawn,ct,-1976.0,-1776.0,-263.96875,12748,76561198242950384,max,1
100,TSpawn,t,-64.0,1136.0,-164.49915,12748,76561198028292758,HObbit,1
100,TSpawn,t,-160.0,1136.0,-164.43054,12748,76561198141272052,xiELO,1
100,CTSpawn,ct,-1896.0,-1720.0,-267.6023,12748,76561198216891576,dgt,1
100,CTSpawn,ct,-1976.0,-1656.0,-267.4583,12748,76561198067722198,luchov,1
100,CTSpawn,ct,-1800.0,-1656.0,-267.20642,12748,76561198195642865,meyern,1
100,TSpawn,t,-307.0,1216.0,-164.81482,12748,76561198036125584,Jame,1
100,TSpawn,t,32.0,1296.0,-167.96875,12749,76561198356252021,slaxejezzz,1
100,CTSpawn,ct,-1800.0,-1776.0,-263.96875,12749,76561198319723208,HUASOPEEK,1
100,TSpawn,t,32.0,1136.0,-164.78845,12749,76561198210626739,zweih,1
100,CTSpawn,ct,-1976.0,-1776.0,-263.96875,12749,76561198242950384,max,1
100,TSpawn,t,-64.0,1136.0,-164.49915,12749,76561198028292758,HObbit,1
100,TSpawn,t,-160.0,1136.0,-164.43054,12749,76561198141272052,xiELO,1
100,CTSpawn,ct,-1896.0,-1720.0,-267.6023,12749,76561198216891576,dgt,1
100,CTSpawn,ct,-1976.0,-1656.0,-267.4583,12749,76561198067722198,luchov,1
100,CTSpawn,ct,-1800.0,-1656.0,-267.20642,12749,76561198195642865,meyern,1
100,TSpawn,t,-307.0,1216.0,-164.81482,12749,76561198036125584,Jame,1
100,TSpawn,t,32.0,1296.0,-167.96875,12750,76561198356252021,slaxejezzz,1
100,CTSpawn,ct,-1800.0,-1776.0,-263.96875,12750,76561198319723208,HUASOPEEK,1
100,TSpawn,t,32.0,1136.0,-164.78845,12750,76561198210626739,zweih,1
100,CTSpawn,ct,-1976.0,-1776.0,-263.96875,12750,76561198242950384,max,1
100,TSpawn,t,-64.0,1136.0,-164.49915,12750,76561198028292758,HObbit,1
100,TSpawn,t,-160.0,1136.0,-164.43054,12750,76561198141272052,xiELO,1
100,CTSpawn,ct,-1896.0,-1720.0,-267.6023,12750,76561198216891576,dgt,1
100,CTSpawn,ct,-1976.0,-1656.0,-267.4583,12750,76561198067722198,luchov,1
100,CTSpawn,ct,-1800.0,-1656.0,-267.20642,12750,76561198195642865,meyern,1
100,TSpawn,t,-307.0,1216.0,-164.81482,12750,76561198036125584,Jame,1
100,TSpawn,t,32.0,1296.0,-167.96875,12751,76561198356252021,slaxejezzz,1
100,CTSpawn,ct,-1800.0,-1776.0,-263.96875,12751,76561198319723208,HUASOPEEK,1
100,TSpawn,t,32.0,1136.0,-164.78845,12751,76561198210626739,zweih,1
100,CTSpawn,ct,-1976.0,-1776.0,-263.96875,12751,76561198242950384,max,1
100,TSpawn,t,-64.0,1136.0,-164.49915,12751,76561198028292758,HObbit,1
100,TSpawn,t,-160.0,1136.0,-164.43054,12751,76561198141272052,xiELO,1
100,CTSpawn,ct,-1896.0,-1720.0,-267.6023,12751,76561198216891576,dgt,1
100,CTSpawn,ct,-1976.0,-1656.0,-267.4583,12751,76561198067722198,luchov,1
100,CTSpawn,ct,-1800.0,-1656.0,-267.20642,12751,76561198195642865,meyern,1
100,TSpawn,t,-307.0,1216.0,-164.81482,12751,76561198036125584,Jame,1
100,TSpawn,t,32.0,1296.0,-167.96875,12752,76561198356252021,slaxejezzz,1
100,CTSpawn,ct,-1800.0,-1776.0,-263.96875,12752,76561198319723208,HUASOPEEK,1
100,TSpawn,t,32.0,1136.0,-164.78845,12752,76561198210626739,zweih,1
100,CTSpawn,ct,-1976.0,-1776.0,-263.96875,12752,76561198242950384,max,1
100,TSpawn,t,-64.0,1136.0,-164.49915,12752,76561198028292758,HObbit,1
100,TSpawn,t,-160.0,1136.0,-164.43054,12752,76561198141272052,xiELO,1
100,CTSpawn,ct,-1896.0,-1720.0,-267.6023,12752,76561198216891576,dgt,1
100,CTSpawn,ct,-1976.0,-1656.0,-267.4583,12752,76561198067722198,luchov,1
100,CTSpawn,ct,-1800.0,-1656.0,-267.20642,12752,76561198195642865,meyern,1
100,TSpawn,t,-307.0,1216.0,-164.81482,12752,76561198036125584,Jame,1
100,TSpawn,t,32.0,1296.0,-167.96875,12753,76561198356252021,slaxejezzz,1
100,CTSpawn,ct,-1800.0,-1776.0,-263.96875,12753,76561198319723208,HUASOPEEK,1
100,TSpawn,t,32.0,1136.0,-164.78845,12753,76561198210626739,zweih,1
100,CTSpawn,ct,-1976.0,-1776.0,-263.96875,12753,76561198242950384,max,1
100,TSpawn,t,-64.0,1136.0,-164.49915,12753,76561198028292758,HObbit,1
100,TSpawn,t,-160.0,1136.0,-164.43054,12753,76561198141272052,xiELO,1
100,CTSpawn,ct,-1896.0,-1720.0,-267.6023,12753,76561198216891576,dgt,1
100,CTSpawn,ct,-1976.0,-1656.0,-267.4583,12753,76561198067722198,luchov,1
100,CTSpawn,ct,-1800.0,-1656.0,-267.20642,12753,76561198195642865,meyern,1
100,TSpawn,t,-307.0,1216.0,-164.81482,12753,76561198036125584,Jame,1
100,TSpawn,t,32.0,1296.0,-167.96875,12754,76561198356252021,slaxejezzz,1
100,CTSpawn,ct,-1800.0,-1776.0,-263.96875,12754,76561198319723208,HUASOPEEK,1
100,TSpawn,t,32.0,1136.0,-164.78845,12754,76561198210626739,zweih,1
100,CTSpawn,ct,-1976.0,-1776.0,-263.96875,12754,76561198242950384,max,1
100,TSpawn,t,-64.0,1136.0,-164.49915,12754,76561198028292758,HObbit,1
100,TSpawn,t,-160.0,1136.0,-164.43054,12754,76561198141272052,xiELO,1
100,CTSpawn,ct,-1896.0,-1720.0,-267.6023,12754,76561198216891576,dgt,1
100,CTSpawn,ct,-1976.0,-1656.0,-267.4583,12754,76561198067722198,luchov,1
100,CTSpawn,ct,-1800.0,-1656.0,-267.20642,12754,76561198195642865,meyern,1
100,TSpawn,t,-307.0,1216.0,-164.81482,12754,76561198036125584,Jame,1
100,TSpawn,t,32.0,1296.0,-167.96875,12755,76561198356252021,slaxejezzz,1
100,CTSpawn,ct,-1800.0,-1776.0,-263.96875,12755,76561198319723208,HUASOPEEK,1
100,TSpawn,t,32.0,1136.0,-164.78845,12755,76561198210626739,zweih,1
100,CTSpawn,ct,-1976.0,-1776.0,-263.96875,12755,76561198242950384,max,1
100,TSpawn,t,-64.0,1136.0,-164.49915,12755,76561198028292758,HObbit,1
100,TSpawn,t,-160.0,1136.0,-164.43054,12755,76561198141272052,xiELO,1
100,CTSpawn,ct,-1896.0,-1720.0,-267.6023,12755,76561198216891576,dgt,1
100,CTSpawn,ct,-1976.0,-1656.0,-267.4583,12755,76561198067722198,luchov,1
100,CTSpawn,ct,-1800.0,-1656.0,-267.20642,12755,76561198195642865,meyern,1
100,TSpawn,t,-307.0,1216.0,-164.81482,12755,76561198036125584,Jame,1
100,TSpawn,t,32.0,1296.0,-167.96875,12756,76561198356252021,slaxejezzz,1
100,CTSpawn,ct,-1800.0,-1776.0,-263.96875,12756,76561198319723208,HUASOPEEK,1
100,TSpawn,t,32.0,1136.0,-164.78845,12756,76561198210626739,zweih,1
100,CTSpawn,ct,-1976.0,-1776.0,-263.96875,12756,76561198242950384,max,1
100,TSpawn,t,-64.0,1136.0,-164.49915,12756,76561198028292758,HObbit,1
100,TSpawn,t,-160.0,1136.0,-164.43054,12756,76561198141272052,xiELO,1
100,CTSpawn,ct,-1896.0,-1720.0,-267.6023,12756,76561198216891576,dgt,1
100,CTSpawn,ct,-1976.0,-1656.0,-267.4583,12756,76561198067722198,luchov,1
100,CTSpawn,ct,-1800.0,-1656.0,-267.20642,12756,76561198195642865,meyern,1
100,TSpawn,t,-307.0,1216.0,-164.81482,12756,76561198036125584,Jame,1
100,TSpawn,t,32.0,1296.0,-167.96875,12757,76561198356252021,slaxejezzz,1
100,CTSpawn,ct,-1800.0,-1776.0,-263.96875,12757,76561198319723208,HUASOPEEK,1
100,TSpawn,t,32.0,1136.0,-164.78845,12757,76561198210626739,zweih,1
100,CTSpawn,ct,-1976.0,-1776.0,-263.96875,12757,76561198242950384,max,1
100,TSpawn,t,-64.0,1136.0,-164.49915,12757,76561198028292758,HObbit,1
100,TSpawn,t,-160.0,1136.0,-164.43054,12757,76561198141272052,xiELO,1
100,CTSpawn,ct,-1896.0,-1720.0,-267.6023,12757,76561198216891576,dgt,1
100,CTSpawn,ct,-1976.0,-1656.0,-267.4583,12757,76561198067722198,luchov,1
100,CTSpawn,ct,-1800.0,-1656.0,-267.20642,12757,76561198195642865,meyern,1
100,TSpawn,t,-307.0,1216.0,-164.81482,12757,76561198036125584,Jame,1
100,TSpawn,t,32.0,1296.0,-167.96875,12758,76561198356252021,slaxejezzz,1
100,CTSpawn,ct,-1800.0,-1776.0,-263.96875,12758,76561198319723208,HUASOPEEK,1
100,TSpawn,t,32.0,1136.0,-164.78845,12758,76561198210626739,zweih,1
100,CTSpawn,ct,-1976.0,-1776.0,-263.96875,12758,76561198242950384,max,1
100,TSpawn,t,-64.0,1136.0,-164.49915,12758,76561198028292758,HObbit,1
100,TSpawn,t,-160.0,1136.0,-164.43054,12758,76561198141272052,xiELO,1
100,CTSpawn,ct,-1896.0,-1720.0,-267.6023,12758,76561198216891576,dgt,1
100,CTSpawn,ct,-1976.0,-1656.0,-267.4583,12758,76561198067722198,luchov,1
100,CTSpawn,ct,-1800.0,-1656.0,-267.20642,12758,76561198195642865,meyern,1
100,TSpawn,t,-307.0,1216.0,-164.81482,12758,76561198036125584,Jame,1
100,TSpawn,t,32.0,1296.0,-167.96875,12759,76561198356252021,slaxejezzz,1
100,CTSpawn,ct,-1800.0,-1776.0,-263.96875,12759,76561198319723208,HUASOPEEK,1
100,TSpawn,t,32.0,1136.0,-164.78845,12759,76561198210626739,zweih,1
100,CTSpawn,ct,-1976.0,-1776.0,-263.96875,12759,76561198242950384,max,1
100,TSpawn,t,-64.0,1136.0,-164.49915,12759,76561198028292758,HObbit,1
100,TSpawn,t,-160.0,1136.0,-164.43054,12759,76561198141272052,xiELO,1
100,CTSpawn,ct,-1896.0,-1720.0,-267.6023,12759,76561198216891576,dgt,1
100,CTSpawn,ct,-1976.0,-1656.0,-267.4583,12759,76561198067722198,luchov,1
100,CTSpawn,ct,-1800.0,-1656.0,-267.20642,12759,76561198195642865,meyern,1
100,TSpawn,t,-307.0,1216.0,-164.81482,12759,76561198036125584,Jame,1
100,TSpawn,t,32.0,1296.0,-167.96875,12760,76561198356252021,slaxejezzz,1
100,CTSpawn,ct,-1800.0,-1776.0,-263.96875,12760,76561198319723208,HUASOPEEK,1
100,TSpawn,t,32.0,1136.0,-164.78845,12760,76561198210626739,zweih,1
100,CTSpawn,ct,-1976.0,-1776.0,-263.96875,12760,76561198242950384,max,1
100,TSpawn,t,-64.0,1136.0,-164.49915,12760,76561198028292758,HObbit,1
100,TSpawn,t,-160.0,1136.0,-164.43054,12760,76561198141272052,xiELO,1
100,CTSpawn,ct,-1896.0,-1720.0,-267.6023,12760,76561198216891576,dgt,1
100,CTSpawn,ct,-1976.0,-1656.0,-267.4583,12760,76561198067722198,luchov,1
100,CTSpawn,ct,-1800.0,-1656.0,-267.20642,12760,76561198195642865,meyern,1
100,TSpawn,t,-307.0,1216.0,-164.81482,12760,76561198036125584,Jame,1
100,TSpawn,t,32.0,1296.0,-167.96875,12761,76561198356252021,slaxejezzz,1
100,CTSpawn,ct,-1800.0,-1776.0,-263.96875,12761,76561198319723208,HUASOPEEK,1
100,TSpawn,t,32.0,1136.0,-164.78845,12761,76561198210626739,zweih,1
100,CTSpawn,ct,-1976.0,-1776.0,-263.96875,12761,76561198242950384,max,1
100,TSpawn,t,-64.0,1136.0,-164.49915,12761,76561198028292758,HObbit,1
100,TSpawn,t,-160.0,1136.0,-164.43054,12761,76561198141272052,xiELO,1
100,CTSpawn,ct,-1896.0,-1720.0,-267.6023,12761,76561198216891576,dgt,1
100,CTSpawn,ct,-1976.0,-1656.0,-267.4583,12761,76561198067722198,luchov,1
100,CTSpawn,ct,-1800.0,-1656.0,-267.20642,12761,76561198195642865,meyern,1
100,TSpawn,t,-307.0,1216.0,-164.81482,12761,76561198036125584,Jame,1
100,TSpawn,t,32.0,1296.0,-167.96875,12762,76561198356252021,slaxejezzz,1
100,CTSpawn,ct,-1800.0,-1776.0,-263.96875,12762,76561198319723208,HUASOPEEK,1
100,TSpawn,t,32.0,1136.0,-164.78845,12762,76561198210626739,zweih,1
100,CTSpawn,ct,-1976.0,-1776.0,-263.96875,12762,76561198242950384,max,1
100,TSpawn,t,-64.0,1136.0,-164.49915,12762,76561198028292758,HObbit,1
100,TSpawn,t,-160.0,1136.0,-164.43054,12762,76561198141272052,xiELO,1
100,CTSpawn,ct,-1896.0,-1720.0,-267.6023,12762,76561198216891576,dgt,1
100,CTSpawn,ct,-1976.0,-1656.0,-267.4583,12762,76561198067722198,luchov,1
100,CTSpawn,ct,-1800.0,-1656.0,-267.20642,12762,76561198195642865,meyern,1
100,TSpawn,t,-307.0,1216.0,-164.81482,12762,76561198036125584,Jame,1
100,TSpawn,t,32.0,1296.0,-167.96875,12763,76561198356252021,slaxejezzz,1
100,CTSpawn,ct,-1800.0,-1776.0,-263.96875,12763,76561198319723208,HUASOPEEK,1
100,TSpawn,t,32.0,1136.0,-164.78845,12763,76561198210626739,zweih,1
100,CTSpawn,ct,-1976.0,-1776.0,-263.96875,12763,76561198242950384,max,1
100,TSpawn,t,-64.0,1136.0,-164.49915,12763,76561198028292758,HObbit,1
100,TSpawn,t,-160.0,1136.0,-164.43054,12763,76561198141272052,xiELO,1
100,CTSpawn,ct,-1896.0,-1720.0,-267.6023,12763,76561198216891576,dgt,1
100,CTSpawn,ct,-1976.0,-1656.0,-267.4583,12763,76561198067722198,luchov,1
100,CTSpawn,ct,-1800.0,-1656.0,-267.20642,12763,76561198195642865,meyern,1
100,TSpawn,t,-307.0,1216.0,-164.81482,12763,76561198036125584,Jame,1
100,TSpawn,t,32.0,1296.0,-167.96875,12764,76561198356252021,slaxejezzz,1
100,CTSpawn,ct,-1800.0,-1776.0,-263.96875,12764,76561198319723208,HUASOPEEK,1
100,TSpawn,t,32.0,1136.0,-164.78845,12764,76561198210626739,zweih,1
100,CTSpawn,ct,-1976.0,-1776.0,-263.96875,12764,76561198242950384,max,1
100,TSpawn,t,-64.0,1136.0,-164.49915,12764,76561198028292758,HObbit,1
100,TSpawn,t,-160.0,1136.0,-164.43054,12764,76561198141272052,xiELO,1
100,CTSpawn,ct,-1896.0,-1720.0,-267.6023,12764,76561198216891576,dgt,1
100,CTSpawn,ct,-1976.0,-1656.0,-267.4583,12764,76561198067722198,luchov,1
100,CTSpawn,ct,-1800.0,-1656.0,-267.20642,12764,76561198195642865,meyern,1
100,TSpawn,t,-307.0,1216.0,-164.81482,12764,76561198036125584,Jame,1
100,TSpawn,t,32.0,1296.0,-167.96875,12765,76561198356252021,slaxejezzz,1
100,CTSpawn,ct,-1800.0,-1776.0,-263.96875,12765,76561198319723208,HUASOPEEK,1
100,TSpawn,t,32.0,1136.0,-164.78845,12765,76561198210626739,zweih,1
100,CTSpawn,ct,-1976.0,-1776.0,-263.96875,12765,76561198242950384,max,1
100,TSpawn,t,-64.0,1136.0,-164.49915,12765,76561198028292758,HObbit,1
100,TSpawn,t,-160.0,1136.0,-164.43054,12765,76561198141272052,xiELO,1
100,CTSpawn,ct,-1896.0,-1720.0,-267.6023,12765,76561198216891576,dgt,1
100,CTSpawn,ct,-1976.0,-1656.0,-267.4583,12765,76561198067722198,luchov,1
100,CTSpawn,ct,-1800.0,-1656.0,-267.20642,12765,76561198195642865,meyern,1
100,TSpawn,t,-307.0,1216.0,-164.81482,12765,76561198036125584,Jame,1
100,TSpawn,t,32.0,1296.0,-167.96875,12766,76561198356252021,slaxejezzz,1
100,CTSpawn,ct,-1800.0,-1776.0,-263.96875,12766,76561198319723208,HUASOPEEK,1
100,TSpawn,t,32.0,1136.0,-164.78845,12766,76561198210626739,zweih,1
100,CTSpawn,ct,-1976.0,-1776.0,-263.96875,12766,76561198242950384,max,1
100,TSpawn,t,-64.0,1136.0,-164.49915,12766,76561198028292758,HObbit,1
100,TSpawn,t,-160.0,1136.0,-164.43054,12766,76561198141272052,xiELO,1
100,CTSpawn,ct,-1896.0,-1720.0,-267.6023,12766,76561198216891576,dgt,1
100,CTSpawn,ct,-1976.0,-1656.0,-267.4583,12766,76561198067722198,luchov,1
100,CTSpawn,ct,-1800.0,-1656.0,-267.20642,12766,76561198195642865,meyern,1
100,TSpawn,t,-307.0,1216.0,-164.81482,12766,76561198036125584,Jame,1
100,TSpawn,t,32.0,1296.0,-167.96875,12767,76561198356252021,slaxejezzz,1
100,CTSpawn,ct,-1800.0,-1776.0,-263.96875,12767,76561198319723208,HUASOPEEK,1
100,TSpawn,t,32.0,1136.0,-164.78845,12767,76561198210626739,zweih,1
100,CTSpawn,ct,-1976.0,-1776.0,-263.96875,12767,76561198242950384,max,1
100,TSpawn,t,-64.0,1136.0,-164.49915,12767,76561198028292758,HObbit,1
100,TSpawn,t,-160.0,1136.0,-164.43054,12767,76561198141272052,xiELO,1
100,CTSpawn,ct,-1896.0,-1720.0,-267.6023,12767,76561198216891576,dgt,1
100,CTSpawn,ct,-1976.0,-1656.0,-267.4583,12767,76561198067722198,luchov,1
100,CTSpawn,ct,-1800.0,-1656.0,-267.20642,12767,76561198195642865,meyern,1
100,TSpawn,t,-307.0,1216.0,-164.81482,12767,76561198036125584,Jame,1
100,TSpawn,t,32.0,1296.0,-167.96875,12768,76561198356252021,slaxejezzz,1
100,CTSpawn,ct,-1800.0,-1776.0,-263.96875,12768,76561198319723208,HUASOPEEK,1
100,TSpawn,t,32.0,1136.0,-164.78845,12768,76561198210626739,zweih,1
100,CTSpawn,ct,-1976.0,-1776.0,-263.96875,12768,76561198242950384,max,1
100,TSpawn,t,-64.0,1136.0,-164.49915,12768,76561198028292758,HObbit,1
100,TSpawn,t,-160.0,1136.0,-164.43054,12768,76561198141272052,xiELO,1
100,CTSpawn,ct,-1896.0,-1720.0,-267.6023,12768,76561198216891576,dgt,1
100,CTSpawn,ct,-1976.0,-1656.0,-267.4583,12768,76561198067722198,luchov,1
100,CTSpawn,ct,-1800.0,-1656.0,-267.20642,12768,76561198195642865,meyern,1
100,TSpawn,t,-307.0,1216.0,-164.81482,12768,76561198036125584,Jame,1
100,TSpawn,t,32.0,1296.0,-167.96875,12769,76561198356252021,slaxejezzz,1
100,CTSpawn,ct,-1800.0,-1776.0,-263.96875,12769,76561198319723208,HUASOPEEK,1
100,TSpawn,t,32.0,1136.0,-164.78845,12769,76561198210626739,zweih,1
100,CTSpawn,ct,-1976.0,-1776.0,-263.96875,12769,76561198242950384,max,1
100,TSpawn,t,-64.0,1136.0,-164.49915,12769,76561198028292758,HObbit,1
100,TSpawn,t,-160.0,1136.0,-164.43054,12769,76561198141272052,xiELO,1
100,CTSpawn,ct,-1896.0,-1720.0,-267.6023,12769,76561198216891576,dgt,1
100,CTSpawn,ct,-1976.0,-1656.0,-267.4583,12769,76561198067722198,luchov,1
100,CTSpawn,ct,-1800.0,-1656.0,-267.20642,12769,76561198195642865,meyern,1
100,TSpawn,t,-307.0,1216.0,-164.81482,12769,76561198036125584,Jame,1
100,TSpawn,t,32.0,1296.0,-167.96875,12770,76561198356252021,slaxejezzz,1
100,CTSpawn,ct,-1800.0,-1776.0,-263.96875,12770,76561198319723208,HUASOPEEK,1
100,TSpawn,t,32.0,1136.0,-164.78845,12770,76561198210626739,zweih,1
100,CTSpawn,ct,-1976.0,-1776.0,-263.96875,12770,76561198242950384,max,1
100,TSpawn,t,-64.0,1136.0,-164.49915,12770,76561198028292758,HObbit,1
100,TSpawn,t,-160.0,1136.0,-164.43054,12770,76561198141272052,xiELO,1
100,CTSpawn,ct,-1896.0,-1720.0,-267.6023,12770,76561198216891576,dgt,1
100,CTSpawn,ct,-1976.0,-1656.0,-267.4583,12770,76561198067722198,luchov,1
100,CTSpawn,ct,-1800.0,-1656.0,-267.20642,12770,76561198195642865,meyern,1
100,TSpawn,t,-307.0,1216.0,-164.81482,12770,76561198036125584,Jame,1
100,TSpawn,t,32.0,1296.0,-167.96875,12771,76561198356252021,slaxejezzz,1
100,CTSpawn,ct,-1800.0,-1776.0,-263.96875,12771,76561198319723208,HUASOPEEK,1
100,TSpawn,t,32.0,1136.0,-164.78845,12771,76561198210626739,zweih,1
100,CTSpawn,ct,-1976.0,-1776.0,-263.96875,12771,76561198242950384,max,1
100,TSpawn,t,-64.0,1136.0,-164.49915,12771,76561198028292758,HObbit,1
100,TSpawn,t,-160.0,1136.0,-164.43054,12771,76561198141272052,xiELO,1
100,CTSpawn,ct,-1896.0,-1720.0,-267.6023,12771,76561198216891576,dgt,1
100,CTSpawn,ct,-1976.0,-1656.0,-267.4583,12771,76561198067722198,luchov,1
100,CTSpawn,ct,-1800.0,-1656.0,-267.20642,12771,76561198195642865,meyern,1
100,TSpawn,t,-307.0,1216.0,-164.81482,12771,76561198036125584,Jame,1
100,TSpawn,t,32.0,1296.0,-167.96875,12772,76561198356252021,slaxejezzz,1
100,CTSpawn,ct,-1800.0,-1776.0,-263.96875,12772,76561198319723208,HUASOPEEK,1
100,TSpawn,t,32.0,1136.0,-164.78845,12772,76561198210626739,zweih,1
100,CTSpawn,ct,-1976.0,-1776.0,-263.96875,12772,76561198242950384,max,1
100,TSpawn,t,-64.0,1136.0,-164.49915,12772,76561198028292758,HObbit,1
100,TSpawn,t,-160.0,1136.0,-164.43054,12772,76561198141272052,xiELO,1
100,CTSpawn,ct,-1896.0,-1720.0,-267.6023,12772,76561198216891576,dgt,1
100,CTSpawn,ct,-1976.0,-1656.0,-267.4583,12772,76561198067722198,luchov,1
100,CTSpawn,ct,-1800.0,-1656.0,-267.20642,12772,76561198195642865,meyern,1
100,TSpawn,t,-307.0,1216.0,-164.81482,12772,76561198036125584,Jame,1
100,TSpawn,t,32.0,1296.0,-167.96875,12773,76561198356252021,slaxejezzz,1
100,CTSpawn,ct,-1800.0,-1776.0,-263.96875,12773,76561198319723208,HUASOPEEK,1
100,TSpawn,t,32.0,1136.0,-164.78845,12773,76561198210626739,zweih,1
100,CTSpawn,ct,-1976.0,-1776.0,-263.96875,12773,76561198242950384,max,1
100,TSpawn,t,-64.0,1136.0,-164.49915,12773,76561198028292758,HObbit,1
100,TSpawn,t,-160.0,1136.0,-164.43054,12773,76561198141272052,xiELO,1
100,CTSpawn,ct,-1896.0,-1720.0,-267.6023,12773,76561198216891576,dgt,1
100,CTSpawn,ct,-1976.0,-1656.0,-267.4583,12773,76561198067722198,luchov,1
100,CTSpawn,ct,-1800.0,-1656.0,-267.20642,12773,76561198195642865,meyern,1
100,TSpawn,t,-307.0,1216.0,-164.81482,12773,76561198036125584,Jame,1
100,TSpawn,t,32.0,1296.0,-167.96875,12774,76561198356252021,slaxejezzz,1
100,CTSpawn,ct,-1800.0,-1776.0,-263.96875,12774,76561198319723208,HUASOPEEK,1
100,TSpawn,t,32.0,1136.0,-164.78845,12774,76561198210626739,zweih,1
100,CTSpawn,ct,-1976.0,-1776.0,-263.96875,12774,76561198242950384,max,1
100,TSpawn,t,-64.0,1136.0,-164.49915,12774,76561198028292758,HObbit,1
100,TSpawn,t,-160.0,1136.0,-164.43054,12774,76561198141272052,xiELO,1
100,CTSpawn,ct,-1896.0,-1720.0,-267.6023,12774,76561198216891576,dgt,1
100,CTSpawn,ct,-1976.0,-1656.0,-267.4583,12774,76561198067722198,luchov,1
100,CTSpawn,ct,-1800.0,-1656.0,-267.20642,12774,76561198195642865,meyern,1
100,TSpawn,t,-307.0,1216.0,-164.81482,12774,76561198036125584,Jame,1
100,TSpawn,t,32.0,1296.0,-167.96875,12775,76561198356252021,slaxejezzz,1
100,CTSpawn,ct,-1800.0,-1776.0,-263.96875,12775,76561198319723208,HUASOPEEK,1
100,TSpawn,t,32.0,1136.0,-164.78845,12775,76561198210626739,zweih,1
100,CTSpawn,ct,-1976.0,-1776.0,-263.96875,12775,76561198242950384,max,1
100,TSpawn,t,-64.0,1136.0,-164.49915,12775,76561198028292758,HObbit,1
100,TSpawn,t,-160.0,1136.0,-164.43054,12775,76561198141272052,xiELO,1
100,CTSpawn,ct,-1896.0,-1720.0,-267.6023,12775,76561198216891576,dgt,1
100,CTSpawn,ct,-1976.0,-1656.0,-267.4583,12775,76561198067722198,luchov,1
100,CTSpawn,ct,-1800.0,-1656.0,-267.20642,12775,76561198195642865,meyern,1
100,TSpawn,t,-307.0,1216.0,-164.81482,12775,76561198036125584,Jame,1
100,TSpawn,t,32.0,1296.0,-167.96875,12776,76561198356252021,slaxejezzz,1
100,CTSpawn,ct,-1800.0,-1776.0,-263.96875,12776,76561198319723208,HUASOPEEK,1
100,TSpawn,t,32.0,1136.0,-164.78845,12776,76561198210626739,zweih,1
100,CTSpawn,ct,-1976.0,-1776.0,-263.96875,12776,76561198242950384,max,1
100,TSpawn,t,-64.0,1136.0,-164.49915,12776,76561198028292758,HObbit,1
100,TSpawn,t,-160.0,1136.0,-164.43054,12776,76561198141272052,xiELO,1
100,CTSpawn,ct,-1896.0,-1720.0,-267.6023,12776,76561198216891576,dgt,1
100,CTSpawn,ct,-1976.0,-1656.0,-267.4583,12776,76561198067722198,luchov,1
100,CTSpawn,ct,-1800.0,-1656.0,-267.20642,12776,76561198195642865,meyern,1
100,TSpawn,t,-307.0,1216.0,-164.81482,12776,76561198036125584,Jame,1
100,TSpawn,t,32.0,1296.0,-167.96875,12777,76561198356252021,slaxejezzz,1
100,CTSpawn,ct,-1800.0,-1776.0,-263.96875,12777,76561198319723208,HUASOPEEK,1
100,TSpawn,t,32.0,1136.0,-164.78845,12777,76561198210626739,zweih,1
100,CTSpawn,ct,-1976.0,-1776.0,-263.96875,12777,76561198242950384,max,1
100,TSpawn,t,-64.0,1136.0,-164.49915,12777,76561198028292758,HObbit,1
100,TSpawn,t,-160.0,1136.0,-164.43054,12777,76561198141272052,xiELO,1
100,CTSpawn,ct,-1896.0,-1720.0,-267.6023,12777,76561198216891576,dgt,1
100,CTSpawn,ct,-1976.0,-1656.0,-267.4583,12777,76561198067722198,luchov,1
100,CTSpawn,ct,-1800.0,-1656.0,-267.20642,12777,76561198195642865,meyern,1
100,TSpawn,t,-307.0,1216.0,-164.81482,12777,76561198036125584,Jame,1
100,TSpawn,t,32.0,1296.0,-167.96875,12778,76561198356252021,slaxejezzz,1
100,CTSpawn,ct,-1800.0,-1776.0,-263.96875,12778,76561198319723208,HUASOPEEK,1
100,TSpawn,t,32.0,1136.0,-164.78845,12778,76561198210626739,zweih,1
100,CTSpawn,ct,-1976.0,-1776.0,-263.96875,12778,76561198242950384,max,1
100,TSpawn,t,-64.0,1136.0,-164.49915,12778,76561198028292758,HObbit,1
100,TSpawn,t,-160.0,1136.0,-164.43054,12778,76561198141272052,xiELO,1
100,CTSpawn,ct,-1896.0,-1720.0,-267.6023,12778,76561198216891576,dgt,1
100,CTSpawn,ct,-1976.0,-1656.0,-267.4583,12778,76561198067722198,luchov,1
100,CTSpawn,ct,-1800.0,-1656.0,-267.20642,12778,76561198195642865,meyern,1
100,TSpawn,t,-307.0,1216.0,-164.81482,12778,76561198036125584,Jame,1
100,TSpawn,t,32.0,1296.0,-167.96875,12779,76561198356252021,slaxejezzz,1
100,CTSpawn,ct,-1800.0,-1776.0,-263.96875,12779,76561198319723208,HUASOPEEK,1
100,TSpawn,t,32.0,1136.0,-164.78845,12779,76561198210626739,zweih,1
100,CTSpawn,ct,-1976.0,-1776.0,-263.96875,12779,76561198242950384,max,1
100,TSpawn,t,-64.0,1136.0,-164.49915,12779,76561198028292758,HObbit,1
100,TSpawn,t,-160.0,1136.0,-164.43054,12779,76561198141272052,xiELO,1
100,CTSpawn,ct,-1896.0,-1720.0,-267.6023,12779,76561198216891576,dgt,1
100,CTSpawn,ct,-1976.0,-1656.0,-267.4583,12779,76561198067722198,luchov,1
100,CTSpawn,ct,-1800.0,-1656.0,-267.20642,12779,76561198195642865,meyern,1
100,TSpawn,t,-307.0,1216.0,-164.81482,12779,76561198036125584,Jame,1
100,TSpawn,t,32.0,1296.0,-167.96875,12780,76561198356252021,slaxejezzz,1
100,CTSpawn,ct,-1800.0,-1776.0,-263.96875,12780,76561198319723208,HUASOPEEK,1
100,TSpawn,t,32.0,1136.0,-164.78845,12780,76561198210626739,zweih,1
100,CTSpawn,ct,-1976.0,-1776.0,-263.96875,12780,76561198242950384,max,1
100,TSpawn,t,-64.0,1136.0,-164.49915,12780,76561198028292758,HObbit,1
100,TSpawn,t,-160.0,1136.0,-164.43054,12780,76561198141272052,xiELO,1
100,CTSpawn,ct,-1896.0,-1720.0,-267.6023,12780,76561198216891576,dgt,1
100,CTSpawn,ct,-1976.0,-1656.0,-267.4583,12780,76561198067722198,luchov,1
100,CTSpawn,ct,-1800.0,-1656.0,-267.20642,12780,76561198195642865,meyern,1
100,TSpawn,t,-307.0,1216.0,-164.81482,12780,76561198036125584,Jame,1
100,TSpawn,t,32.0,1296.0,-167.96875,12781,76561198356252021,slaxejezzz,1
100,CTSpawn,ct,-1800.0,-1776.0,-263.96875,12781,76561198319723208,HUASOPEEK,1
100,TSpawn,t,32.0,1136.0,-164.78845,12781,76561198210626739,zweih,1
100,CTSpawn,ct,-1976.0,-1776.0,-263.96875,12781,76561198242950384,max,1
100,TSpawn,t,-64.0,1136.0,-164.49915,12781,76561198028292758,HObbit,1
100,TSpawn,t,-160.0,1136.0,-164.43054,12781,76561198141272052,xiELO,1
100,CTSpawn,ct,-1896.0,-1720.0,-267.6023,12781,76561198216891576,dgt,1
100,CTSpawn,ct,-1976.0,-1656.0,-267.4583,12781,76561198067722198,luchov,1
100,CTSpawn,ct,-1800.0,-1656.0,-267.20642,12781,76561198195642865,meyern,1
100,TSpawn,t,-307.0,1216.0,-164.81482,12781,76561198036125584,Jame,1
100,TSpawn,t,32.0,1296.0,-167.96875,12782,76561198356252021,slaxejezzz,1
100,CTSpawn,ct,-1800.0,-1776.0,-263.96875,12782,76561198319723208,HUASOPEEK,1
100,TSpawn,t,32.0,1136.0,-164.78845,12782,76561198210626739,zweih,1
100,CTSpawn,ct,-1976.0,-1776.0,-263.96875,12782,76561198242950384,max,1
100,TSpawn,t,-64.0,1136.0,-164.49915,12782,76561198028292758,HObbit,1
100,TSpawn,t,-160.0,1136.0,-164.43054,12782,76561198141272052,xiELO,1
100,CTSpawn,ct,-1896.0,-1720.0,-267.6023,12782,76561198216891576,dgt,1
100,CTSpawn,ct,-1976.0,-1656.0,-267.4583,12782,76561198067722198,luchov,1
100,CTSpawn,ct,-1800.0,-1656.0,-267.20642,12782,76561198195642865,meyern,1
100,TSpawn,t,-307.0,1216.0,-164.81482,12782,76561198036125584,Jame,1
100,TSpawn,t,32.0,1296.0,-167.96875,12783,76561198356252021,slaxejezzz,1
100,CTSpawn,ct,-1800.0,-1776.0,-263.96875,12783,76561198319723208,HUASOPEEK,1
100,TSpawn,t,32.0,1136.0,-164.78845,12783,76561198210626739,zweih,1
100,CTSpawn,ct,-1976.0,-1776.0,-263.96875,12783,76561198242950384,max,1
100,TSpawn,t,-64.0,1136.0,-164.49915,12783,76561198028292758,HObbit,1
100,TSpawn,t,-160.0,1136.0,-164.43054,12783,76561198141272052,xiELO,1
100,CTSpawn,ct,-1896.0,-1720.0,-267.6023,12783,76561198216891576,dgt,1
100,CTSpawn,ct,-1976.0,-1656.0,-267.4583,12783,76561198067722198,luchov,1
100,CTSpawn,ct,-1800.0,-1656.0,-267.20642,12783,76561198195642865,meyern,1
100,TSpawn,t,-307.0,1216.0,-164.81482,12783,76561198036125584,Jame,1
100,TSpawn,t,32.0,1296.0,-167.96875,12784,76561198356252021,slaxejezzz,1
100,CTSpawn,ct,-1800.0,-1776.0,-263.96875,12784,76561198319723208,HUASOPEEK,1
100,TSpawn,t,32.0,1136.0,-164.78845,12784,76561198210626739,zweih,1
100,CTSpawn,ct,-1976.0,-1776.0,-263.96875,12784,76561198242950384,max,1
100,TSpawn,t,-64.0,1136.0,-164.49915,12784,76561198028292758,HObbit,1
100,TSpawn,t,-160.0,1136.0,-164.43054,12784,76561198141272052,xiELO,1
100,CTSpawn,ct,-1896.0,-1720.0,-267.6023,12784,76561198216891576,dgt,1
100,CTSpawn,ct,-1976.0,-1656.0,-267.4583,12784,76561198067722198,luchov,1
100,CTSpawn,ct,-1800.0,-1656.0,-267.20642,12784,76561198195642865,meyern,1
100,TSpawn,t,-307.0,1216.0,-164.81482,12784,76561198036125584,Jame,1
100,TSpawn,t,32.0,1296.0,-167.96875,12785,76561198356252021,slaxejezzz,1
100,CTSpawn,ct,-1800.0,-1776.0,-263.96875,12785,76561198319723208,HUASOPEEK,1
100,TSpawn,t,32.0,1136.0,-164.78845,12785,76561198210626739,zweih,1
100,CTSpawn,ct,-1976.0,-1776.0,-263.96875,12785,76561198242950384,max,1
100,TSpawn,t,-64.0,1136.0,-164.49915,12785,76561198028292758,HObbit,1
100,TSpawn,t,-160.0,1136.0,-164.43054,12785,76561198141272052,xiELO,1
100,CTSpawn,ct,-1896.0,-1720.0,-267.6023,12785,76561198216891576,dgt,1
100,CTSpawn,ct,-1976.0,-1656.0,-267.4583,12785,76561198067722198,luchov,1
100,CTSpawn,ct,-1800.0,-1656.0,-267.20642,12785,76561198195642865,meyern,1
100,TSpawn,t,-307.0,1216.0,-164.81482,12785,76561198036125584,Jame,1
100,TSpawn,t,32.0,1296.0,-167.96875,12786,76561198356252021,slaxejezzz,1
100,CTSpawn,ct,-1800.0,-1776.0,-263.96875,12786,76561198319723208,HUASOPEEK,1
100,TSpawn,t,32.0,1136.0,-164.78845,12786,76561198210626739,zweih,1
100,CTSpawn,ct,-1976.0,-1776.0,-263.96875,12786,76561198242950384,max,1
100,TSpawn,t,-64.0,1136.0,-164.49915,12786,76561198028292758,HObbit,1
100,TSpawn,t,-160.0,1136.0,-164.43054,12786,76561198141272052,xiELO,1
100,CTSpawn,ct,-1896.0,-1720.0,-267.6023,12786,76561198216891576,dgt,1
100,CTSpawn,ct,-1976.0,-1656.0,-267.4583,12786,76561198067722198,luchov,1
100,CTSpawn,ct,-1800.0,-1656.0,-267.20642,12786,76561198195642865,meyern,1
100,TSpawn,t,-307.0,1216.0,-164.81482,12786,76561198036125584,Jame,1
100,TSpawn,t,32.0,1296.0,-167.96875,12787,76561198356252021,slaxejezzz,1
100,CTSpawn,ct,-1800.0,-1776.0,-263.96875,12787,76561198319723208,HUASOPEEK,1
100,TSpawn,t,32.0,1136.0,-164.78845,12787,76561198210626739,zweih,1
100,CTSpawn,ct,-1976.0,-1776.0,-263.96875,12787,76561198242950384,max,1
100,TSpawn,t,-64.0,1136.0,-164.49915,12787,76561198028292758,HObbit,1
100,TSpawn,t,-160.0,1136.0,-164.43054,12787,76561198141272052,xiELO,1
100,CTSpawn,ct,-1896.0,-1720.0,-267.6023,12787,76561198216891576,dgt,1
100,CTSpawn,ct,-1976.0,-1656.0,-267.4583,12787,76561198067722198,luchov,1
100,CTSpawn,ct,-1800.0,-1656.0,-267.20642,12787,76561198195642865,meyern,1
100,TSpawn,t,-307.0,1216.0,-164.81482,12787,76561198036125584,Jame,1
100,TSpawn,t,32.0,1296.0,-167.96875,12788,76561198356252021,slaxejezzz,1
100,CTSpawn,ct,-1800.0,-1776.0,-263.96875,12788,76561198319723208,HUASOPEEK,1
100,TSpawn,t,32.0,1136.0,-164.78845,12788,76561198210626739,zweih,1
100,CTSpawn,ct,-1976.0,-1776.0,-263.96875,12788,76561198242950384,max,1
100,TSpawn,t,-64.0,1136.0,-164.49915,12788,76561198028292758,HObbit,1
100,TSpawn,t,-160.0,1136.0,-164.43054,12788,76561198141272052,xiELO,1
100,CTSpawn,ct,-1896.0,-1720.0,-267.6023,12788,76561198216891576,dgt,1
100,CTSpawn,ct,-1976.0,-1656.0,-267.4583,12788,76561198067722198,luchov,1
100,CTSpawn,ct,-1800.0,-1656.0,-267.20642,12788,76561198195642865,meyern,1
100,TSpawn,t,-307.0,1216.0,-164.81482,12788,76561198036125584,Jame,1
100,TSpawn,t,32.0,1296.0,-167.96875,12789,76561198356252021,slaxejezzz,1
100,CTSpawn,ct,-1800.0,-1776.0,-263.96875,12789,76561198319723208,HUASOPEEK,1
100,TSpawn,t,32.0,1136.0,-164.78845,12789,76561198210626739,zweih,1
100,CTSpawn,ct,-1976.0,-1776.0,-263.96875,12789,76561198242950384,max,1
100,TSpawn,t,-64.0,1136.0,-164.49915,12789,76561198028292758,HObbit,1
100,TSpawn,t,-160.0,1136.0,-164.43054,12789,76561198141272052,xiELO,1
100,CTSpawn,ct,-1896.0,-1720.0,-267.6023,12789,76561198216891576,dgt,1
100,CTSpawn,ct,-1976.0,-1656.0,-267.4583,12789,76561198067722198,luchov,1
100,CTSpawn,ct,-1800.0,-1656.0,-267.20642,12789,76561198195642865,meyern,1
100,TSpawn,t,-307.0,1216.0,-164.81482,12789,76561198036125584,Jame,1
100,TSpawn,t,32.0,1296.0,-167.96875,12790,76561198356252021,slaxejezzz,1
100,CTSpawn,ct,-1800.0,-1776.0,-263.96875,12790,76561198319723208,HUASOPEEK,1
100,TSpawn,t,32.0,1136.0,-164.78845,12790,76561198210626739,zweih,1
100,CTSpawn,ct,-1976.0,-1776.0,-263.96875,12790,76561198242950384,max,1
100,TSpawn,t,-64.0,1136.0,-164.49915,12790,76561198028292758,HObbit,1
100,TSpawn,t,-160.0,1136.0,-164.43054,12790,76561198141272052,xiELO,1
100,CTSpawn,ct,-1896.0,-1720.0,-267.6023,12790,76561198216891576,dgt,1
100,CTSpawn,ct,-1976.0,-1656.0,-267.4583,12790,76561198067722198,luchov,1
100,CTSpawn,ct,-1800.0,-1656.0,-267.20642,12790,76561198195642865,meyern,1
100,TSpawn,t,-307.0,1216.0,-164.81482,12790,76561198036125584,Jame,1
100,TSpawn,t,32.0,1296.0,-167.96875,12791,76561198356252021,slaxejezzz,1
100,CTSpawn,ct,-1800.0,-1776.0,-263.96875,12791,76561198319723208,HUASOPEEK,1
100,TSpawn,t,32.0,1136.0,-164.78845,12791,76561198210626739,zweih,1
100,CTSpawn,ct,-1976.0,-1776.0,-263.96875,12791,76561198242950384,max,1
100,TSpawn,t,-64.0,1136.0,-164.49915,12791,76561198028292758,HObbit,1
100,TSpawn,t,-160.0,1136.0,-164.43054,12791,76561198141272052,xiELO,1
100,CTSpawn,ct,-1896.0,-1720.0,-267.6023,12791,76561198216891576,dgt,1
100,CTSpawn,ct,-1976.0,-1656.0,-267.4583,12791,76561198067722198,luchov,1
100,CTSpawn,ct,-1800.0,-1656.0,-267.20642,12791,76561198195642865,meyern,1
100,TSpawn,t,-307.0,1216.0,-164.81482,12791,76561198036125584,Jame,1
100,TSpawn,t,32.0,1296.0,-167.96875,12792,76561198356252021,slaxejezzz,1
100,CTSpawn,ct,-1800.0,-1776.0,-263.96875,12792,76561198319723208,HUASOPEEK,1
100,TSpawn,t,32.0,1136.0,-164.78845,12792,76561198210626739,zweih,1
100,CTSpawn,ct,-1976.0,-1776.0,-263.96875,12792,76561198242950384,max,1
100,TSpawn,t,-64.0,1136.0,-164.49915,12792,76561198028292758,HObbit,1
100,TSpawn,t,-160.0,1136.0,-164.43054,12792,76561198141272052,xiELO,1
100,CTSpawn,ct,-1896.0,-1720.0,-267.6023,12792,76561198216891576,dgt,1
100,CTSpawn,ct,-1976.0,-1656.0,-267.4583,12792,76561198067722198,luchov,1
100,CTSpawn,ct,-1800.0,-1656.0,-267.20642,12792,76561198195642865,meyern,1
100,TSpawn,t,-307.0,1216.0,-164.81482,12792,76561198036125584,Jame,1
